Sample,Mut_type,Mut_num,Cover_num,Mut_ratio,Pass_num,Count
GBEmini-AP-RNF2-All-PD_rep1,CT,1,10,0.01,1,24746406
GBEmini-AP-RNF2-All-PD_rep1,GA,1,10,0.01,1,25033250
GBEmini-AP-RNF2-All-PD_rep1,CT,1,10,0.01,2,9147903
GBEmini-AP-RNF2-All-PD_rep1,GA,1,10,0.01,2,9523848
GBEmini-AP-RNF2-All-PD_rep1,CT,1,10,0.01,3,3139100
GBEmini-AP-RNF2-All-PD_rep1,GA,1,10,0.01,3,3401005
GBEmini-AP-RNF2-All-PD_rep1,CT,1,10,0.1,1,4350849
GBEmini-AP-RNF2-All-PD_rep1,GA,1,10,0.1,1,4399491
GBEmini-AP-RNF2-All-PD_rep1,CT,1,10,0.1,2,679927
GBEmini-AP-RNF2-All-PD_rep1,GA,1,10,0.1,2,694024
GBEmini-AP-RNF2-All-PD_rep1,CT,1,10,0.1,3,112185
GBEmini-AP-RNF2-All-PD_rep1,GA,1,10,0.1,3,116229
GBEmini-AP-RNF2-All-PD_rep1,CT,1,15,0.01,1,14250635
GBEmini-AP-RNF2-All-PD_rep1,GA,1,15,0.01,1,14421182
GBEmini-AP-RNF2-All-PD_rep1,CT,1,15,0.01,2,5452937
GBEmini-AP-RNF2-All-PD_rep1,GA,1,15,0.01,2,5695945
GBEmini-AP-RNF2-All-PD_rep1,CT,1,15,0.01,3,1974397
GBEmini-AP-RNF2-All-PD_rep1,GA,1,15,0.01,3,2153472
GBEmini-AP-RNF2-All-PD_rep1,CT,1,15,0.1,1,1296660
GBEmini-AP-RNF2-All-PD_rep1,GA,1,15,0.1,1,1297387
GBEmini-AP-RNF2-All-PD_rep1,CT,1,15,0.1,2,148140
GBEmini-AP-RNF2-All-PD_rep1,GA,1,15,0.1,2,149341
GBEmini-AP-RNF2-All-PD_rep1,CT,1,15,0.1,3,19062
GBEmini-AP-RNF2-All-PD_rep1,GA,1,15,0.1,3,19337
GBEmini-AP-RNF2-All-PD_rep1,CT,1,20,0.01,1,5886860
GBEmini-AP-RNF2-All-PD_rep1,GA,1,20,0.01,1,5957859
GBEmini-AP-RNF2-All-PD_rep1,CT,1,20,0.01,2,2350812
GBEmini-AP-RNF2-All-PD_rep1,GA,1,20,0.01,2,2463736
GBEmini-AP-RNF2-All-PD_rep1,CT,1,20,0.01,3,908337
GBEmini-AP-RNF2-All-PD_rep1,GA,1,20,0.01,3,998065
GBEmini-AP-RNF2-All-PD_rep1,CT,1,20,0.1,1,277991
GBEmini-AP-RNF2-All-PD_rep1,GA,1,20,0.1,1,278593
GBEmini-AP-RNF2-All-PD_rep1,CT,1,20,0.1,2,19466
GBEmini-AP-RNF2-All-PD_rep1,GA,1,20,0.1,2,19771
GBEmini-AP-RNF2-All-PD_rep1,CT,1,20,0.1,3,1690
GBEmini-AP-RNF2-All-PD_rep1,GA,1,20,0.1,3,1720
GBEmini-AP-RNF2-All-PD_rep1,CT,1,5,0.01,1,30607618
GBEmini-AP-RNF2-All-PD_rep1,GA,1,5,0.01,1,30954489
GBEmini-AP-RNF2-All-PD_rep1,CT,1,5,0.01,2,11046269
GBEmini-AP-RNF2-All-PD_rep1,GA,1,5,0.01,2,11476458
GBEmini-AP-RNF2-All-PD_rep1,CT,1,5,0.01,3,3667851
GBEmini-AP-RNF2-All-PD_rep1,GA,1,5,0.01,3,3961390
GBEmini-AP-RNF2-All-PD_rep1,CT,1,5,0.1,1,10304162
GBEmini-AP-RNF2-All-PD_rep1,GA,1,5,0.1,1,10419848
GBEmini-AP-RNF2-All-PD_rep1,CT,1,5,0.1,2,2546922
GBEmini-AP-RNF2-All-PD_rep1,GA,1,5,0.1,2,2615491
GBEmini-AP-RNF2-All-PD_rep1,CT,1,5,0.1,3,605572
GBEmini-AP-RNF2-All-PD_rep1,GA,1,5,0.1,3,638033
GBEmini-AP-RNF2-All-PD_rep1,CT,1,6,0.01,1,29959752
GBEmini-AP-RNF2-All-PD_rep1,GA,1,6,0.01,1,30299289
GBEmini-AP-RNF2-All-PD_rep1,CT,1,6,0.01,2,10849861
GBEmini-AP-RNF2-All-PD_rep1,GA,1,6,0.01,2,11275032
GBEmini-AP-RNF2-All-PD_rep1,CT,1,6,0.01,3,3617801
GBEmini-AP-RNF2-All-PD_rep1,GA,1,6,0.01,3,3909314
GBEmini-AP-RNF2-All-PD_rep1,CT,1,6,0.1,1,9656126
GBEmini-AP-RNF2-All-PD_rep1,GA,1,6,0.1,1,9764486
GBEmini-AP-RNF2-All-PD_rep1,CT,1,6,0.1,2,2350535
GBEmini-AP-RNF2-All-PD_rep1,GA,1,6,0.1,2,2414100
GBEmini-AP-RNF2-All-PD_rep1,CT,1,6,0.1,3,555596
GBEmini-AP-RNF2-All-PD_rep1,GA,1,6,0.1,3,585995
GBEmini-AP-RNF2-All-PD_rep1,CT,1,8,0.01,1,27891743
GBEmini-AP-RNF2-All-PD_rep1,GA,1,8,0.01,1,28211601
GBEmini-AP-RNF2-All-PD_rep1,CT,1,8,0.01,2,10194290
GBEmini-AP-RNF2-All-PD_rep1,GA,1,8,0.01,2,10600499
GBEmini-AP-RNF2-All-PD_rep1,CT,1,8,0.01,3,3440367
GBEmini-AP-RNF2-All-PD_rep1,GA,1,8,0.01,3,3721364
GBEmini-AP-RNF2-All-PD_rep1,CT,1,8,0.1,1,7584557
GBEmini-AP-RNF2-All-PD_rep1,GA,1,8,0.1,1,7673025
GBEmini-AP-RNF2-All-PD_rep1,CT,1,8,0.1,2,1695463
GBEmini-AP-RNF2-All-PD_rep1,GA,1,8,0.1,2,1739926
GBEmini-AP-RNF2-All-PD_rep1,CT,1,8,0.1,3,379627
GBEmini-AP-RNF2-All-PD_rep1,GA,1,8,0.1,3,399640
GBEmini-AP-RNF2-All-PD_rep1,CT,2,10,0.01,1,2972109
GBEmini-AP-RNF2-All-PD_rep1,GA,2,10,0.01,1,2965129
GBEmini-AP-RNF2-All-PD_rep1,CT,2,10,0.01,2,416198
GBEmini-AP-RNF2-All-PD_rep1,GA,2,10,0.01,2,418167
GBEmini-AP-RNF2-All-PD_rep1,CT,2,10,0.01,2,446070
GBEmini-AP-RNF2-All-PD_rep1,GA,2,10,0.01,2,453410
GBEmini-AP-RNF2-All-PD_rep1,CT,2,10,0.01,3,70137
GBEmini-AP-RNF2-All-PD_rep1,GA,2,10,0.01,3,70251
GBEmini-AP-RNF2-All-PD_rep1,CT,2,10,0.1,1,2199657
GBEmini-AP-RNF2-All-PD_rep1,GA,2,10,0.1,1,2200945
GBEmini-AP-RNF2-All-PD_rep1,CT,2,10,0.1,2,246831
GBEmini-AP-RNF2-All-PD_rep1,GA,2,10,0.1,2,248945
GBEmini-AP-RNF2-All-PD_rep1,CT,2,10,0.1,2,261000
GBEmini-AP-RNF2-All-PD_rep1,GA,2,10,0.1,2,265020
GBEmini-AP-RNF2-All-PD_rep1,CT,2,10,0.1,3,30764
GBEmini-AP-RNF2-All-PD_rep1,GA,2,10,0.1,3,31169
GBEmini-AP-RNF2-All-PD_rep1,CT,2,15,0.01,1,2069156
GBEmini-AP-RNF2-All-PD_rep1,GA,2,15,0.01,1,2061608
GBEmini-AP-RNF2-All-PD_rep1,CT,2,15,0.01,2,317504
GBEmini-AP-RNF2-All-PD_rep1,GA,2,15,0.01,2,318550
GBEmini-AP-RNF2-All-PD_rep1,CT,2,15,0.01,3,58425
GBEmini-AP-RNF2-All-PD_rep1,GA,2,15,0.01,3,58413
GBEmini-AP-RNF2-All-PD_rep1,CT,2,15,0.1,1,1296660
GBEmini-AP-RNF2-All-PD_rep1,GA,2,15,0.1,1,1297387
GBEmini-AP-RNF2-All-PD_rep1,CT,2,15,0.1,2,148140
GBEmini-AP-RNF2-All-PD_rep1,GA,2,15,0.1,2,149341
GBEmini-AP-RNF2-All-PD_rep1,CT,2,15,0.1,3,19062
GBEmini-AP-RNF2-All-PD_rep1,GA,2,15,0.1,3,19337
GBEmini-AP-RNF2-All-PD_rep1,CT,2,20,0.01,1,1058604
GBEmini-AP-RNF2-All-PD_rep1,GA,2,20,0.01,1,1051232
GBEmini-AP-RNF2-All-PD_rep1,CT,2,20,0.01,2,185016
GBEmini-AP-RNF2-All-PD_rep1,GA,2,20,0.01,2,185302
GBEmini-AP-RNF2-All-PD_rep1,CT,2,20,0.01,3,39413
GBEmini-AP-RNF2-All-PD_rep1,GA,2,20,0.01,3,39113
GBEmini-AP-RNF2-All-PD_rep1,CT,2,20,0.1,1,277991
GBEmini-AP-RNF2-All-PD_rep1,GA,2,20,0.1,1,278593
GBEmini-AP-RNF2-All-PD_rep1,CT,2,20,0.1,2,19466
GBEmini-AP-RNF2-All-PD_rep1,GA,2,20,0.1,2,19771
GBEmini-AP-RNF2-All-PD_rep1,CT,2,20,0.1,3,1690
GBEmini-AP-RNF2-All-PD_rep1,GA,2,20,0.1,3,1720
GBEmini-AP-RNF2-All-PD_rep1,CT,2,5,0.01,1,3276173
GBEmini-AP-RNF2-All-PD_rep1,GA,2,5,0.01,1,3269517
GBEmini-AP-RNF2-All-PD_rep1,CT,2,5,0.01,2,442647
GBEmini-AP-RNF2-All-PD_rep1,GA,2,5,0.01,2,444541
GBEmini-AP-RNF2-All-PD_rep1,CT,2,5,0.01,2,473592
GBEmini-AP-RNF2-All-PD_rep1,GA,2,5,0.01,2,480956
GBEmini-AP-RNF2-All-PD_rep1,CT,2,5,0.01,3,72532
GBEmini-AP-RNF2-All-PD_rep1,GA,2,5,0.01,3,72665
GBEmini-AP-RNF2-All-PD_rep1,CT,2,5,0.1,1,2503722
GBEmini-AP-RNF2-All-PD_rep1,GA,2,5,0.1,1,2505334
GBEmini-AP-RNF2-All-PD_rep1,CT,2,5,0.1,2,273279
GBEmini-AP-RNF2-All-PD_rep1,GA,2,5,0.1,2,275318
GBEmini-AP-RNF2-All-PD_rep1,CT,2,5,0.1,2,288521
GBEmini-AP-RNF2-All-PD_rep1,GA,2,5,0.1,2,292566
GBEmini-AP-RNF2-All-PD_rep1,CT,2,5,0.1,3,33159
GBEmini-AP-RNF2-All-PD_rep1,GA,2,5,0.1,3,33581
GBEmini-AP-RNF2-All-PD_rep1,CT,2,6,0.01,1,3254168
GBEmini-AP-RNF2-All-PD_rep1,GA,2,6,0.01,1,3247329
GBEmini-AP-RNF2-All-PD_rep1,CT,2,6,0.01,2,441064
GBEmini-AP-RNF2-All-PD_rep1,GA,2,6,0.01,2,443035
GBEmini-AP-RNF2-All-PD_rep1,CT,2,6,0.01,3,72424
GBEmini-AP-RNF2-All-PD_rep1,GA,2,6,0.01,3,72542
GBEmini-AP-RNF2-All-PD_rep1,CT,2,6,0.1,1,2481717
GBEmini-AP-RNF2-All-PD_rep1,GA,2,6,0.1,1,2483146
GBEmini-AP-RNF2-All-PD_rep1,CT,2,6,0.1,2,271696
GBEmini-AP-RNF2-All-PD_rep1,GA,2,6,0.1,2,273812
GBEmini-AP-RNF2-All-PD_rep1,CT,2,6,0.1,3,33051
GBEmini-AP-RNF2-All-PD_rep1,GA,2,6,0.1,3,33458
GBEmini-AP-RNF2-All-PD_rep1,CT,2,8,0.01,1,3160224
GBEmini-AP-RNF2-All-PD_rep1,GA,2,8,0.01,1,3153522
GBEmini-AP-RNF2-All-PD_rep1,CT,2,8,0.01,2,433504
GBEmini-AP-RNF2-All-PD_rep1,GA,2,8,0.01,2,435342
GBEmini-AP-RNF2-All-PD_rep1,CT,2,8,0.01,3,71789
GBEmini-AP-RNF2-All-PD_rep1,GA,2,8,0.01,3,71880
GBEmini-AP-RNF2-All-PD_rep1,CT,2,8,0.1,1,2387773
GBEmini-AP-RNF2-All-PD_rep1,GA,2,8,0.1,1,2389339
GBEmini-AP-RNF2-All-PD_rep1,CT,2,8,0.1,2,264136
GBEmini-AP-RNF2-All-PD_rep1,GA,2,8,0.1,2,266119
GBEmini-AP-RNF2-All-PD_rep1,CT,2,8,0.1,3,32416
GBEmini-AP-RNF2-All-PD_rep1,GA,2,8,0.1,3,32796
GBEmini-AP-RNF2-All-PD_rep1,CT,3,10,0.01,1,310117
GBEmini-AP-RNF2-All-PD_rep1,GA,3,10,0.01,1,309579
GBEmini-AP-RNF2-All-PD_rep1,CT,3,10,0.01,2,21749
GBEmini-AP-RNF2-All-PD_rep1,GA,3,10,0.01,2,21467
GBEmini-AP-RNF2-All-PD_rep1,CT,3,10,0.01,3,3700
GBEmini-AP-RNF2-All-PD_rep1,GA,3,10,0.01,3,3556
GBEmini-AP-RNF2-All-PD_rep1,CT,3,10,0.1,1,274051
GBEmini-AP-RNF2-All-PD_rep1,GA,3,10,0.1,1,274484
GBEmini-AP-RNF2-All-PD_rep1,CT,3,10,0.1,2,13720
GBEmini-AP-RNF2-All-PD_rep1,GA,3,10,0.1,2,13758
GBEmini-AP-RNF2-All-PD_rep1,CT,3,10,0.1,3,1010
GBEmini-AP-RNF2-All-PD_rep1,GA,3,10,0.1,3,988
GBEmini-AP-RNF2-All-PD_rep1,CT,3,15,0.01,1,249893
GBEmini-AP-RNF2-All-PD_rep1,GA,3,15,0.01,1,249337
GBEmini-AP-RNF2-All-PD_rep1,CT,3,15,0.01,2,19707
GBEmini-AP-RNF2-All-PD_rep1,GA,3,15,0.01,2,19410
GBEmini-AP-RNF2-All-PD_rep1,CT,3,15,0.01,3,3600
GBEmini-AP-RNF2-All-PD_rep1,GA,3,15,0.01,3,3461
GBEmini-AP-RNF2-All-PD_rep1,CT,3,15,0.1,1,213824
GBEmini-AP-RNF2-All-PD_rep1,GA,3,15,0.1,1,214242
GBEmini-AP-RNF2-All-PD_rep1,CT,3,15,0.1,2,11679
GBEmini-AP-RNF2-All-PD_rep1,GA,3,15,0.1,2,11701
GBEmini-AP-RNF2-All-PD_rep1,CT,3,15,0.1,3,910
GBEmini-AP-RNF2-All-PD_rep1,GA,3,15,0.1,3,893
GBEmini-AP-RNF2-All-PD_rep1,CT,3,20,0.01,1,159574
GBEmini-AP-RNF2-All-PD_rep1,GA,3,20,0.01,1,158705
GBEmini-AP-RNF2-All-PD_rep1,CT,3,20,0.01,2,15616
GBEmini-AP-RNF2-All-PD_rep1,GA,3,20,0.01,2,15307
GBEmini-AP-RNF2-All-PD_rep1,CT,3,20,0.01,3,3341
GBEmini-AP-RNF2-All-PD_rep1,GA,3,20,0.01,3,3198
GBEmini-AP-RNF2-All-PD_rep1,CT,3,20,0.1,1,123502
GBEmini-AP-RNF2-All-PD_rep1,GA,3,20,0.1,1,123608
GBEmini-AP-RNF2-All-PD_rep1,CT,3,20,0.1,2,7588
GBEmini-AP-RNF2-All-PD_rep1,GA,3,20,0.1,2,7598
GBEmini-AP-RNF2-All-PD_rep1,CT,3,20,0.1,3,651
GBEmini-AP-RNF2-All-PD_rep1,GA,3,20,0.1,3,632
GBEmini-AP-RNF2-All-PD_rep1,CT,3,5,0.01,1,326753
GBEmini-AP-RNF2-All-PD_rep1,GA,3,5,0.01,1,326210
GBEmini-AP-RNF2-All-PD_rep1,CT,3,5,0.01,2,22125
GBEmini-AP-RNF2-All-PD_rep1,GA,3,5,0.01,2,21823
GBEmini-AP-RNF2-All-PD_rep1,CT,3,5,0.01,3,3716
GBEmini-AP-RNF2-All-PD_rep1,GA,3,5,0.01,3,3570
GBEmini-AP-RNF2-All-PD_rep1,CT,3,5,0.1,1,290687
GBEmini-AP-RNF2-All-PD_rep1,GA,3,5,0.1,1,291116
GBEmini-AP-RNF2-All-PD_rep1,CT,3,5,0.1,2,14096
GBEmini-AP-RNF2-All-PD_rep1,GA,3,5,0.1,2,14113
GBEmini-AP-RNF2-All-PD_rep1,CT,3,5,0.1,3,1026
GBEmini-AP-RNF2-All-PD_rep1,GA,3,5,0.1,3,1002
GBEmini-AP-RNF2-All-PD_rep1,CT,3,6,0.01,1,325330
GBEmini-AP-RNF2-All-PD_rep1,GA,3,6,0.01,1,324758
GBEmini-AP-RNF2-All-PD_rep1,CT,3,6,0.01,2,22096
GBEmini-AP-RNF2-All-PD_rep1,GA,3,6,0.01,2,21804
GBEmini-AP-RNF2-All-PD_rep1,CT,3,6,0.01,3,3713
GBEmini-AP-RNF2-All-PD_rep1,GA,3,6,0.01,3,3569
GBEmini-AP-RNF2-All-PD_rep1,CT,3,6,0.1,1,289264
GBEmini-AP-RNF2-All-PD_rep1,GA,3,6,0.1,1,289664
GBEmini-AP-RNF2-All-PD_rep1,CT,3,6,0.1,2,14067
GBEmini-AP-RNF2-All-PD_rep1,GA,3,6,0.1,2,14094
GBEmini-AP-RNF2-All-PD_rep1,CT,3,6,0.1,3,1023
GBEmini-AP-RNF2-All-PD_rep1,GA,3,6,0.1,3,1001
GBEmini-AP-RNF2-All-PD_rep1,CT,3,8,0.01,1,320225
GBEmini-AP-RNF2-All-PD_rep1,GA,3,8,0.01,1,319617
GBEmini-AP-RNF2-All-PD_rep1,CT,3,8,0.01,2,22011
GBEmini-AP-RNF2-All-PD_rep1,GA,3,8,0.01,2,21695
GBEmini-AP-RNF2-All-PD_rep1,CT,3,8,0.01,3,3707
GBEmini-AP-RNF2-All-PD_rep1,GA,3,8,0.01,3,3562
GBEmini-AP-RNF2-All-PD_rep1,CT,3,8,0.1,1,284159
GBEmini-AP-RNF2-All-PD_rep1,GA,3,8,0.1,1,284523
GBEmini-AP-RNF2-All-PD_rep1,CT,3,8,0.1,2,13982
GBEmini-AP-RNF2-All-PD_rep1,GA,3,8,0.1,2,13985
GBEmini-AP-RNF2-All-PD_rep1,CT,3,8,0.1,3,1017
GBEmini-AP-RNF2-All-PD_rep1,GA,3,8,0.1,3,994
GBEmini-AP-RNF2-All-PD_rep1,CT,4,10,0.01,1,56147
GBEmini-AP-RNF2-All-PD_rep1,GA,4,10,0.01,1,55877
GBEmini-AP-RNF2-All-PD_rep1,CT,4,10,0.01,2,4506
GBEmini-AP-RNF2-All-PD_rep1,GA,4,10,0.01,2,4256
GBEmini-AP-RNF2-All-PD_rep1,CT,4,10,0.01,2,5754
GBEmini-AP-RNF2-All-PD_rep1,GA,4,10,0.01,2,5777
GBEmini-AP-RNF2-All-PD_rep1,CT,4,10,0.01,3,1566
GBEmini-AP-RNF2-All-PD_rep1,GA,4,10,0.01,3,1364
GBEmini-AP-RNF2-All-PD_rep1,CT,4,10,0.1,1,49011
GBEmini-AP-RNF2-All-PD_rep1,GA,4,10,0.1,1,49351
GBEmini-AP-RNF2-All-PD_rep1,CT,4,10,0.1,2,1846
GBEmini-AP-RNF2-All-PD_rep1,GA,4,10,0.1,2,1806
GBEmini-AP-RNF2-All-PD_rep1,CT,4,10,0.1,2,2093
GBEmini-AP-RNF2-All-PD_rep1,GA,4,10,0.1,2,2118
GBEmini-AP-RNF2-All-PD_rep1,CT,4,10,0.1,3,169
GBEmini-AP-RNF2-All-PD_rep1,GA,4,10,0.1,3,142
GBEmini-AP-RNF2-All-PD_rep1,CT,4,15,0.01,1,47095
GBEmini-AP-RNF2-All-PD_rep1,GA,4,15,0.01,1,46599
GBEmini-AP-RNF2-All-PD_rep1,CT,4,15,0.01,2,4384
GBEmini-AP-RNF2-All-PD_rep1,GA,4,15,0.01,2,4125
GBEmini-AP-RNF2-All-PD_rep1,CT,4,15,0.01,3,1559
GBEmini-AP-RNF2-All-PD_rep1,GA,4,15,0.01,3,1356
GBEmini-AP-RNF2-All-PD_rep1,CT,4,15,0.1,1,39958
GBEmini-AP-RNF2-All-PD_rep1,GA,4,15,0.1,1,40073
GBEmini-AP-RNF2-All-PD_rep1,CT,4,15,0.1,2,1725
GBEmini-AP-RNF2-All-PD_rep1,GA,4,15,0.1,2,1675
GBEmini-AP-RNF2-All-PD_rep1,CT,4,15,0.1,3,162
GBEmini-AP-RNF2-All-PD_rep1,GA,4,15,0.1,3,134
GBEmini-AP-RNF2-All-PD_rep1,CT,4,20,0.01,1,35795
GBEmini-AP-RNF2-All-PD_rep1,GA,4,20,0.01,1,35200
GBEmini-AP-RNF2-All-PD_rep1,CT,4,20,0.01,2,4149
GBEmini-AP-RNF2-All-PD_rep1,GA,4,20,0.01,2,3872
GBEmini-AP-RNF2-All-PD_rep1,CT,4,20,0.01,3,1543
GBEmini-AP-RNF2-All-PD_rep1,GA,4,20,0.01,3,1344
GBEmini-AP-RNF2-All-PD_rep1,CT,4,20,0.1,1,28656
GBEmini-AP-RNF2-All-PD_rep1,GA,4,20,0.1,1,28674
GBEmini-AP-RNF2-All-PD_rep1,CT,4,20,0.1,2,1490
GBEmini-AP-RNF2-All-PD_rep1,GA,4,20,0.1,2,1422
GBEmini-AP-RNF2-All-PD_rep1,CT,4,20,0.1,3,146
GBEmini-AP-RNF2-All-PD_rep1,GA,4,20,0.1,3,122
GBEmini-AP-RNF2-All-PD_rep1,CT,4,5,0.01,1,61537
GBEmini-AP-RNF2-All-PD_rep1,GA,4,5,0.01,1,61084
GBEmini-AP-RNF2-All-PD_rep1,CT,4,5,0.01,2,4572
GBEmini-AP-RNF2-All-PD_rep1,GA,4,5,0.01,2,4331
GBEmini-AP-RNF2-All-PD_rep1,CT,4,5,0.01,2,5820
GBEmini-AP-RNF2-All-PD_rep1,GA,4,5,0.01,2,5853
GBEmini-AP-RNF2-All-PD_rep1,CT,4,5,0.01,3,1569
GBEmini-AP-RNF2-All-PD_rep1,GA,4,5,0.01,3,1365
GBEmini-AP-RNF2-All-PD_rep1,CT,4,5,0.1,1,54401
GBEmini-AP-RNF2-All-PD_rep1,GA,4,5,0.1,1,54559
GBEmini-AP-RNF2-All-PD_rep1,CT,4,5,0.1,2,1912
GBEmini-AP-RNF2-All-PD_rep1,GA,4,5,0.1,2,1880
GBEmini-AP-RNF2-All-PD_rep1,CT,4,5,0.1,2,2159
GBEmini-AP-RNF2-All-PD_rep1,GA,4,5,0.1,2,2193
GBEmini-AP-RNF2-All-PD_rep1,CT,4,5,0.1,3,172
GBEmini-AP-RNF2-All-PD_rep1,GA,4,5,0.1,3,143
GBEmini-AP-RNF2-All-PD_rep1,CT,4,6,0.01,1,60785
GBEmini-AP-RNF2-All-PD_rep1,GA,4,6,0.01,1,60342
GBEmini-AP-RNF2-All-PD_rep1,CT,4,6,0.01,2,4563
GBEmini-AP-RNF2-All-PD_rep1,GA,4,6,0.01,2,4324
GBEmini-AP-RNF2-All-PD_rep1,CT,4,6,0.01,3,1568
GBEmini-AP-RNF2-All-PD_rep1,GA,4,6,0.01,3,1365
GBEmini-AP-RNF2-All-PD_rep1,CT,4,6,0.1,1,53649
GBEmini-AP-RNF2-All-PD_rep1,GA,4,6,0.1,1,53817
GBEmini-AP-RNF2-All-PD_rep1,CT,4,6,0.1,2,1903
GBEmini-AP-RNF2-All-PD_rep1,GA,4,6,0.1,2,1873
GBEmini-AP-RNF2-All-PD_rep1,CT,4,6,0.1,3,171
GBEmini-AP-RNF2-All-PD_rep1,GA,4,6,0.1,3,143
GBEmini-AP-RNF2-All-PD_rep1,CT,4,8,0.01,1,58793
GBEmini-AP-RNF2-All-PD_rep1,GA,4,8,0.01,1,58414
GBEmini-AP-RNF2-All-PD_rep1,CT,4,8,0.01,2,4543
GBEmini-AP-RNF2-All-PD_rep1,GA,4,8,0.01,2,4293
GBEmini-AP-RNF2-All-PD_rep1,CT,4,8,0.01,3,1566
GBEmini-AP-RNF2-All-PD_rep1,GA,4,8,0.01,3,1364
GBEmini-AP-RNF2-All-PD_rep1,CT,4,8,0.1,1,51657
GBEmini-AP-RNF2-All-PD_rep1,GA,4,8,0.1,1,51889
GBEmini-AP-RNF2-All-PD_rep1,CT,4,8,0.1,2,1883
GBEmini-AP-RNF2-All-PD_rep1,GA,4,8,0.1,2,1842
GBEmini-AP-RNF2-All-PD_rep1,CT,4,8,0.1,3,169
GBEmini-AP-RNF2-All-PD_rep1,GA,4,8,0.1,3,142
GBEmini-AP-RNF2-All-PD_rep1,CT,5,10,0.01,1,28346
GBEmini-AP-RNF2-All-PD_rep1,GA,5,10,0.01,1,28124
GBEmini-AP-RNF2-All-PD_rep1,CT,5,10,0.01,2,2909
GBEmini-AP-RNF2-All-PD_rep1,GA,5,10,0.01,2,2662
GBEmini-AP-RNF2-All-PD_rep1,CT,5,10,0.01,3,1174
GBEmini-AP-RNF2-All-PD_rep1,GA,5,10,0.01,3,1022
GBEmini-AP-RNF2-All-PD_rep1,CT,5,10,0.1,1,24742
GBEmini-AP-RNF2-All-PD_rep1,GA,5,10,0.1,1,24884
GBEmini-AP-RNF2-All-PD_rep1,CT,5,10,0.1,2,1098
GBEmini-AP-RNF2-All-PD_rep1,GA,5,10,0.1,2,1026
GBEmini-AP-RNF2-All-PD_rep1,CT,5,10,0.1,3,103
GBEmini-AP-RNF2-All-PD_rep1,GA,5,10,0.1,3,97
GBEmini-AP-RNF2-All-PD_rep1,CT,5,15,0.01,1,22961
GBEmini-AP-RNF2-All-PD_rep1,GA,5,15,0.01,1,22622
GBEmini-AP-RNF2-All-PD_rep1,CT,5,15,0.01,2,2848
GBEmini-AP-RNF2-All-PD_rep1,GA,5,15,0.01,2,2605
GBEmini-AP-RNF2-All-PD_rep1,CT,5,15,0.01,3,1172
GBEmini-AP-RNF2-All-PD_rep1,GA,5,15,0.01,3,1020
GBEmini-AP-RNF2-All-PD_rep1,CT,5,15,0.1,1,19357
GBEmini-AP-RNF2-All-PD_rep1,GA,5,15,0.1,1,19382
GBEmini-AP-RNF2-All-PD_rep1,CT,5,15,0.1,2,1037
GBEmini-AP-RNF2-All-PD_rep1,GA,5,15,0.1,2,969
GBEmini-AP-RNF2-All-PD_rep1,CT,5,15,0.1,3,101
GBEmini-AP-RNF2-All-PD_rep1,GA,5,15,0.1,3,95
GBEmini-AP-RNF2-All-PD_rep1,CT,5,20,0.01,1,18203
GBEmini-AP-RNF2-All-PD_rep1,GA,5,20,0.01,1,17809
GBEmini-AP-RNF2-All-PD_rep1,CT,5,20,0.01,2,2750
GBEmini-AP-RNF2-All-PD_rep1,GA,5,20,0.01,2,2500
GBEmini-AP-RNF2-All-PD_rep1,CT,5,20,0.01,3,1164
GBEmini-AP-RNF2-All-PD_rep1,GA,5,20,0.01,3,1013
GBEmini-AP-RNF2-All-PD_rep1,CT,5,20,0.1,1,14599
GBEmini-AP-RNF2-All-PD_rep1,GA,5,20,0.1,1,14569
GBEmini-AP-RNF2-All-PD_rep1,CT,5,20,0.1,2,939
GBEmini-AP-RNF2-All-PD_rep1,GA,5,20,0.1,2,864
GBEmini-AP-RNF2-All-PD_rep1,CT,5,20,0.1,3,93
GBEmini-AP-RNF2-All-PD_rep1,GA,5,20,0.1,3,88
GBEmini-AP-RNF2-All-PD_rep1,CT,5,5,0.01,1,32354
GBEmini-AP-RNF2-All-PD_rep1,GA,5,5,0.01,1,31942
GBEmini-AP-RNF2-All-PD_rep1,CT,5,5,0.01,2,2945
GBEmini-AP-RNF2-All-PD_rep1,GA,5,5,0.01,2,2708
GBEmini-AP-RNF2-All-PD_rep1,CT,5,5,0.01,3,1175
GBEmini-AP-RNF2-All-PD_rep1,GA,5,5,0.01,3,1022
GBEmini-AP-RNF2-All-PD_rep1,CT,5,5,0.1,1,28750
GBEmini-AP-RNF2-All-PD_rep1,GA,5,5,0.1,1,28702
GBEmini-AP-RNF2-All-PD_rep1,CT,5,5,0.1,2,1134
GBEmini-AP-RNF2-All-PD_rep1,GA,5,5,0.1,2,1072
GBEmini-AP-RNF2-All-PD_rep1,CT,5,5,0.1,3,104
GBEmini-AP-RNF2-All-PD_rep1,GA,5,5,0.1,3,97
GBEmini-AP-RNF2-All-PD_rep1,CT,5,6,0.01,1,31778
GBEmini-AP-RNF2-All-PD_rep1,GA,5,6,0.01,1,31377
GBEmini-AP-RNF2-All-PD_rep1,CT,5,6,0.01,2,2940
GBEmini-AP-RNF2-All-PD_rep1,GA,5,6,0.01,2,2705
GBEmini-AP-RNF2-All-PD_rep1,CT,5,6,0.01,3,1175
GBEmini-AP-RNF2-All-PD_rep1,GA,5,6,0.01,3,1022
GBEmini-AP-RNF2-All-PD_rep1,CT,5,6,0.1,1,28174
GBEmini-AP-RNF2-All-PD_rep1,GA,5,6,0.1,1,28137
GBEmini-AP-RNF2-All-PD_rep1,CT,5,6,0.1,2,1129
GBEmini-AP-RNF2-All-PD_rep1,GA,5,6,0.1,2,1069
GBEmini-AP-RNF2-All-PD_rep1,CT,5,6,0.1,3,104
GBEmini-AP-RNF2-All-PD_rep1,GA,5,6,0.1,3,97
GBEmini-AP-RNF2-All-PD_rep1,CT,5,8,0.01,1,30280
GBEmini-AP-RNF2-All-PD_rep1,GA,5,8,0.01,1,29933
GBEmini-AP-RNF2-All-PD_rep1,CT,5,8,0.01,2,2927
GBEmini-AP-RNF2-All-PD_rep1,GA,5,8,0.01,2,2685
GBEmini-AP-RNF2-All-PD_rep1,CT,5,8,0.01,3,1174
GBEmini-AP-RNF2-All-PD_rep1,GA,5,8,0.01,3,1022
GBEmini-AP-RNF2-All-PD_rep1,CT,5,8,0.1,1,26676
GBEmini-AP-RNF2-All-PD_rep1,GA,5,8,0.1,1,26693
GBEmini-AP-RNF2-All-PD_rep1,CT,5,8,0.1,2,1116
GBEmini-AP-RNF2-All-PD_rep1,GA,5,8,0.1,2,1049
GBEmini-AP-RNF2-All-PD_rep1,CT,5,8,0.1,3,103
GBEmini-AP-RNF2-All-PD_rep1,GA,5,8,0.1,3,97
GBEmini-AP-RNF2-All-PD_rep1,CT,6,10,0.01,1,22298
GBEmini-AP-RNF2-All-PD_rep1,GA,6,10,0.01,1,22022
GBEmini-AP-RNF2-All-PD_rep1,CT,6,10,0.01,2,2296
GBEmini-AP-RNF2-All-PD_rep1,GA,6,10,0.01,2,2108
GBEmini-AP-RNF2-All-PD_rep1,CT,6,10,0.01,3,961
GBEmini-AP-RNF2-All-PD_rep1,GA,6,10,0.01,3,846
GBEmini-AP-RNF2-All-PD_rep1,CT,6,10,0.1,1,19762
GBEmini-AP-RNF2-All-PD_rep1,GA,6,10,0.1,1,19826
GBEmini-AP-RNF2-All-PD_rep1,CT,6,10,0.1,2,876
GBEmini-AP-RNF2-All-PD_rep1,GA,6,10,0.1,2,816
GBEmini-AP-RNF2-All-PD_rep1,CT,6,10,0.1,3,78
GBEmini-AP-RNF2-All-PD_rep1,GA,6,10,0.1,3,75
GBEmini-AP-RNF2-All-PD_rep1,CT,6,15,0.01,1,17915
GBEmini-AP-RNF2-All-PD_rep1,GA,6,15,0.01,1,17588
GBEmini-AP-RNF2-All-PD_rep1,CT,6,15,0.01,2,2259
GBEmini-AP-RNF2-All-PD_rep1,GA,6,15,0.01,2,2072
GBEmini-AP-RNF2-All-PD_rep1,CT,6,15,0.01,3,960
GBEmini-AP-RNF2-All-PD_rep1,GA,6,15,0.01,3,845
GBEmini-AP-RNF2-All-PD_rep1,CT,6,15,0.1,1,15379
GBEmini-AP-RNF2-All-PD_rep1,GA,6,15,0.1,1,15392
GBEmini-AP-RNF2-All-PD_rep1,CT,6,15,0.1,2,839
GBEmini-AP-RNF2-All-PD_rep1,GA,6,15,0.1,2,780
GBEmini-AP-RNF2-All-PD_rep1,CT,6,15,0.1,3,77
GBEmini-AP-RNF2-All-PD_rep1,GA,6,15,0.1,3,74
GBEmini-AP-RNF2-All-PD_rep1,CT,6,20,0.01,1,14298
GBEmini-AP-RNF2-All-PD_rep1,GA,6,20,0.01,1,13903
GBEmini-AP-RNF2-All-PD_rep1,CT,6,20,0.01,2,2194
GBEmini-AP-RNF2-All-PD_rep1,GA,6,20,0.01,2,2006
GBEmini-AP-RNF2-All-PD_rep1,CT,6,20,0.01,3,955
GBEmini-AP-RNF2-All-PD_rep1,GA,6,20,0.01,3,840
GBEmini-AP-RNF2-All-PD_rep1,CT,6,20,0.1,1,11762
GBEmini-AP-RNF2-All-PD_rep1,GA,6,20,0.1,1,11707
GBEmini-AP-RNF2-All-PD_rep1,CT,6,20,0.1,2,774
GBEmini-AP-RNF2-All-PD_rep1,GA,6,20,0.1,2,714
GBEmini-AP-RNF2-All-PD_rep1,CT,6,20,0.1,3,72
GBEmini-AP-RNF2-All-PD_rep1,GA,6,20,0.1,3,69
GBEmini-AP-RNF2-All-PD_rep1,CT,6,5,0.01,1,24971
GBEmini-AP-RNF2-All-PD_rep1,GA,6,5,0.01,1,24615
GBEmini-AP-RNF2-All-PD_rep1,CT,6,5,0.01,2,2320
GBEmini-AP-RNF2-All-PD_rep1,GA,6,5,0.01,2,2140
GBEmini-AP-RNF2-All-PD_rep1,CT,6,5,0.01,3,962
GBEmini-AP-RNF2-All-PD_rep1,GA,6,5,0.01,3,846
GBEmini-AP-RNF2-All-PD_rep1,CT,6,5,0.1,1,22435
GBEmini-AP-RNF2-All-PD_rep1,GA,6,5,0.1,1,22419
GBEmini-AP-RNF2-All-PD_rep1,CT,6,5,0.1,2,900
GBEmini-AP-RNF2-All-PD_rep1,GA,6,5,0.1,2,848
GBEmini-AP-RNF2-All-PD_rep1,CT,6,5,0.1,3,79
GBEmini-AP-RNF2-All-PD_rep1,GA,6,5,0.1,3,75
GBEmini-AP-RNF2-All-PD_rep1,CT,6,6,0.01,1,24971
GBEmini-AP-RNF2-All-PD_rep1,GA,6,6,0.01,1,24615
GBEmini-AP-RNF2-All-PD_rep1,CT,6,6,0.01,2,2320
GBEmini-AP-RNF2-All-PD_rep1,GA,6,6,0.01,2,2140
GBEmini-AP-RNF2-All-PD_rep1,CT,6,6,0.01,3,962
GBEmini-AP-RNF2-All-PD_rep1,GA,6,6,0.01,3,846
GBEmini-AP-RNF2-All-PD_rep1,CT,6,6,0.1,1,22435
GBEmini-AP-RNF2-All-PD_rep1,GA,6,6,0.1,1,22419
GBEmini-AP-RNF2-All-PD_rep1,CT,6,6,0.1,2,900
GBEmini-AP-RNF2-All-PD_rep1,GA,6,6,0.1,2,848
GBEmini-AP-RNF2-All-PD_rep1,CT,6,6,0.1,3,79
GBEmini-AP-RNF2-All-PD_rep1,GA,6,6,0.1,3,75
GBEmini-AP-RNF2-All-PD_rep1,CT,6,8,0.01,1,23810
GBEmini-AP-RNF2-All-PD_rep1,GA,6,8,0.01,1,23471
GBEmini-AP-RNF2-All-PD_rep1,CT,6,8,0.01,2,2310
GBEmini-AP-RNF2-All-PD_rep1,GA,6,8,0.01,2,2125
GBEmini-AP-RNF2-All-PD_rep1,CT,6,8,0.01,3,961
GBEmini-AP-RNF2-All-PD_rep1,GA,6,8,0.01,3,846
GBEmini-AP-RNF2-All-PD_rep1,CT,6,8,0.1,1,21274
GBEmini-AP-RNF2-All-PD_rep1,GA,6,8,0.1,1,21275
GBEmini-AP-RNF2-All-PD_rep1,CT,6,8,0.1,2,890
GBEmini-AP-RNF2-All-PD_rep1,GA,6,8,0.1,2,833
GBEmini-AP-RNF2-All-PD_rep1,CT,6,8,0.1,3,78
GBEmini-AP-RNF2-All-PD_rep1,GA,6,8,0.1,3,75
GBEmini-AP-RNF2-All-PD_rep1,CT,7,10,0.01,1,19076
GBEmini-AP-RNF2-All-PD_rep1,GA,7,10,0.01,1,18804
GBEmini-AP-RNF2-All-PD_rep1,CT,7,10,0.01,2,1900
GBEmini-AP-RNF2-All-PD_rep1,GA,7,10,0.01,2,1767
GBEmini-AP-RNF2-All-PD_rep1,CT,7,10,0.01,3,821
GBEmini-AP-RNF2-All-PD_rep1,GA,7,10,0.01,3,732
GBEmini-AP-RNF2-All-PD_rep1,CT,7,10,0.1,1,17102
GBEmini-AP-RNF2-All-PD_rep1,GA,7,10,0.1,1,17050
GBEmini-AP-RNF2-All-PD_rep1,CT,7,10,0.1,2,723
GBEmini-AP-RNF2-All-PD_rep1,GA,7,10,0.1,2,674
GBEmini-AP-RNF2-All-PD_rep1,CT,7,10,0.1,3,66
GBEmini-AP-RNF2-All-PD_rep1,GA,7,10,0.1,3,55
GBEmini-AP-RNF2-All-PD_rep1,CT,7,15,0.01,1,15416
GBEmini-AP-RNF2-All-PD_rep1,GA,7,15,0.01,1,15119
GBEmini-AP-RNF2-All-PD_rep1,CT,7,15,0.01,2,1874
GBEmini-AP-RNF2-All-PD_rep1,GA,7,15,0.01,2,1740
GBEmini-AP-RNF2-All-PD_rep1,CT,7,15,0.01,3,821
GBEmini-AP-RNF2-All-PD_rep1,GA,7,15,0.01,3,732
GBEmini-AP-RNF2-All-PD_rep1,CT,7,15,0.1,1,13442
GBEmini-AP-RNF2-All-PD_rep1,GA,7,15,0.1,1,13365
GBEmini-AP-RNF2-All-PD_rep1,CT,7,15,0.1,2,697
GBEmini-AP-RNF2-All-PD_rep1,GA,7,15,0.1,2,647
GBEmini-AP-RNF2-All-PD_rep1,CT,7,15,0.1,3,66
GBEmini-AP-RNF2-All-PD_rep1,GA,7,15,0.1,3,55
GBEmini-AP-RNF2-All-PD_rep1,CT,7,20,0.01,1,12419
GBEmini-AP-RNF2-All-PD_rep1,GA,7,20,0.01,1,12035
GBEmini-AP-RNF2-All-PD_rep1,CT,7,20,0.01,2,1832
GBEmini-AP-RNF2-All-PD_rep1,GA,7,20,0.01,2,1698
GBEmini-AP-RNF2-All-PD_rep1,CT,7,20,0.01,3,818
GBEmini-AP-RNF2-All-PD_rep1,GA,7,20,0.01,3,729
GBEmini-AP-RNF2-All-PD_rep1,CT,7,20,0.1,1,10445
GBEmini-AP-RNF2-All-PD_rep1,GA,7,20,0.1,1,10281
GBEmini-AP-RNF2-All-PD_rep1,CT,7,20,0.1,2,655
GBEmini-AP-RNF2-All-PD_rep1,GA,7,20,0.1,2,605
GBEmini-AP-RNF2-All-PD_rep1,CT,7,20,0.1,3,63
GBEmini-AP-RNF2-All-PD_rep1,GA,7,20,0.1,3,52
GBEmini-AP-RNF2-All-PD_rep1,CT,7,5,0.01,1,20871
GBEmini-AP-RNF2-All-PD_rep1,GA,7,5,0.01,1,20507
GBEmini-AP-RNF2-All-PD_rep1,CT,7,5,0.01,2,1912
GBEmini-AP-RNF2-All-PD_rep1,GA,7,5,0.01,2,1785
GBEmini-AP-RNF2-All-PD_rep1,CT,7,5,0.01,3,821
GBEmini-AP-RNF2-All-PD_rep1,GA,7,5,0.01,3,732
GBEmini-AP-RNF2-All-PD_rep1,CT,7,5,0.1,1,18897
GBEmini-AP-RNF2-All-PD_rep1,GA,7,5,0.1,1,18753
GBEmini-AP-RNF2-All-PD_rep1,CT,7,5,0.1,2,735
GBEmini-AP-RNF2-All-PD_rep1,GA,7,5,0.1,2,692
GBEmini-AP-RNF2-All-PD_rep1,CT,7,5,0.1,3,66
GBEmini-AP-RNF2-All-PD_rep1,GA,7,5,0.1,3,55
GBEmini-AP-RNF2-All-PD_rep1,CT,7,6,0.01,1,20871
GBEmini-AP-RNF2-All-PD_rep1,GA,7,6,0.01,1,20507
GBEmini-AP-RNF2-All-PD_rep1,CT,7,6,0.01,2,1912
GBEmini-AP-RNF2-All-PD_rep1,GA,7,6,0.01,2,1785
GBEmini-AP-RNF2-All-PD_rep1,CT,7,6,0.01,3,821
GBEmini-AP-RNF2-All-PD_rep1,GA,7,6,0.01,3,732
GBEmini-AP-RNF2-All-PD_rep1,CT,7,6,0.1,1,18897
GBEmini-AP-RNF2-All-PD_rep1,GA,7,6,0.1,1,18753
GBEmini-AP-RNF2-All-PD_rep1,CT,7,6,0.1,2,735
GBEmini-AP-RNF2-All-PD_rep1,GA,7,6,0.1,2,692
GBEmini-AP-RNF2-All-PD_rep1,CT,7,6,0.1,3,66
GBEmini-AP-RNF2-All-PD_rep1,GA,7,6,0.1,3,55
GBEmini-AP-RNF2-All-PD_rep1,CT,7,8,0.01,1,20351
GBEmini-AP-RNF2-All-PD_rep1,GA,7,8,0.01,1,19974
GBEmini-AP-RNF2-All-PD_rep1,CT,7,8,0.01,2,1909
GBEmini-AP-RNF2-All-PD_rep1,GA,7,8,0.01,2,1780
GBEmini-AP-RNF2-All-PD_rep1,CT,7,8,0.01,3,821
GBEmini-AP-RNF2-All-PD_rep1,GA,7,8,0.01,3,732
GBEmini-AP-RNF2-All-PD_rep1,CT,7,8,0.1,1,18377
GBEmini-AP-RNF2-All-PD_rep1,GA,7,8,0.1,1,18220
GBEmini-AP-RNF2-All-PD_rep1,CT,7,8,0.1,2,732
GBEmini-AP-RNF2-All-PD_rep1,GA,7,8,0.1,2,687
GBEmini-AP-RNF2-All-PD_rep1,CT,7,8,0.1,3,66
GBEmini-AP-RNF2-All-PD_rep1,GA,7,8,0.1,3,55
GBEmini-AP-RNF2-All-PD_rep1,CT,8,10,0.01,1,16620
GBEmini-AP-RNF2-All-PD_rep1,GA,8,10,0.01,1,16465
GBEmini-AP-RNF2-All-PD_rep1,CT,8,10,0.01,2,1638
GBEmini-AP-RNF2-All-PD_rep1,GA,8,10,0.01,2,1524
GBEmini-AP-RNF2-All-PD_rep1,CT,8,10,0.01,3,743
GBEmini-AP-RNF2-All-PD_rep1,GA,8,10,0.01,3,655
GBEmini-AP-RNF2-All-PD_rep1,CT,8,10,0.1,1,14982
GBEmini-AP-RNF2-All-PD_rep1,GA,8,10,0.1,1,15002
GBEmini-AP-RNF2-All-PD_rep1,CT,8,10,0.1,2,602
GBEmini-AP-RNF2-All-PD_rep1,GA,8,10,0.1,2,563
GBEmini-AP-RNF2-All-PD_rep1,CT,8,10,0.1,3,52
GBEmini-AP-RNF2-All-PD_rep1,GA,8,10,0.1,3,46
GBEmini-AP-RNF2-All-PD_rep1,CT,8,15,0.01,1,13521
GBEmini-AP-RNF2-All-PD_rep1,GA,8,15,0.01,1,13299
GBEmini-AP-RNF2-All-PD_rep1,CT,8,15,0.01,2,1619
GBEmini-AP-RNF2-All-PD_rep1,GA,8,15,0.01,2,1505
GBEmini-AP-RNF2-All-PD_rep1,CT,8,15,0.01,3,743
GBEmini-AP-RNF2-All-PD_rep1,GA,8,15,0.01,3,655
GBEmini-AP-RNF2-All-PD_rep1,CT,8,15,0.1,1,11883
GBEmini-AP-RNF2-All-PD_rep1,GA,8,15,0.1,1,11836
GBEmini-AP-RNF2-All-PD_rep1,CT,8,15,0.1,2,583
GBEmini-AP-RNF2-All-PD_rep1,GA,8,15,0.1,2,544
GBEmini-AP-RNF2-All-PD_rep1,CT,8,15,0.1,3,52
GBEmini-AP-RNF2-All-PD_rep1,GA,8,15,0.1,3,46
GBEmini-AP-RNF2-All-PD_rep1,CT,8,20,0.01,1,10979
GBEmini-AP-RNF2-All-PD_rep1,GA,8,20,0.01,1,10697
GBEmini-AP-RNF2-All-PD_rep1,CT,8,20,0.01,2,1590
GBEmini-AP-RNF2-All-PD_rep1,GA,8,20,0.01,2,1472
GBEmini-AP-RNF2-All-PD_rep1,CT,8,20,0.01,3,741
GBEmini-AP-RNF2-All-PD_rep1,GA,8,20,0.01,3,653
GBEmini-AP-RNF2-All-PD_rep1,CT,8,20,0.1,1,9341
GBEmini-AP-RNF2-All-PD_rep1,GA,8,20,0.1,1,9234
GBEmini-AP-RNF2-All-PD_rep1,CT,8,20,0.1,2,554
GBEmini-AP-RNF2-All-PD_rep1,GA,8,20,0.1,2,511
GBEmini-AP-RNF2-All-PD_rep1,CT,8,20,0.1,3,50
GBEmini-AP-RNF2-All-PD_rep1,GA,8,20,0.1,3,44
GBEmini-AP-RNF2-All-PD_rep1,CT,8,5,0.01,1,17731
GBEmini-AP-RNF2-All-PD_rep1,GA,8,5,0.01,1,17466
GBEmini-AP-RNF2-All-PD_rep1,CT,8,5,0.01,2,1646
GBEmini-AP-RNF2-All-PD_rep1,GA,8,5,0.01,2,1534
GBEmini-AP-RNF2-All-PD_rep1,CT,8,5,0.01,3,743
GBEmini-AP-RNF2-All-PD_rep1,GA,8,5,0.01,3,655
GBEmini-AP-RNF2-All-PD_rep1,CT,8,5,0.1,1,16093
GBEmini-AP-RNF2-All-PD_rep1,GA,8,5,0.1,1,16003
GBEmini-AP-RNF2-All-PD_rep1,CT,8,5,0.1,2,610
GBEmini-AP-RNF2-All-PD_rep1,GA,8,5,0.1,2,573
GBEmini-AP-RNF2-All-PD_rep1,CT,8,5,0.1,3,52
GBEmini-AP-RNF2-All-PD_rep1,GA,8,5,0.1,3,46
GBEmini-AP-RNF2-All-PD_rep1,CT,8,6,0.01,1,17731
GBEmini-AP-RNF2-All-PD_rep1,GA,8,6,0.01,1,17466
GBEmini-AP-RNF2-All-PD_rep1,CT,8,6,0.01,2,1646
GBEmini-AP-RNF2-All-PD_rep1,GA,8,6,0.01,2,1534
GBEmini-AP-RNF2-All-PD_rep1,CT,8,6,0.01,3,743
GBEmini-AP-RNF2-All-PD_rep1,GA,8,6,0.01,3,655
GBEmini-AP-RNF2-All-PD_rep1,CT,8,6,0.1,1,16093
GBEmini-AP-RNF2-All-PD_rep1,GA,8,6,0.1,1,16003
GBEmini-AP-RNF2-All-PD_rep1,CT,8,6,0.1,2,610
GBEmini-AP-RNF2-All-PD_rep1,GA,8,6,0.1,2,573
GBEmini-AP-RNF2-All-PD_rep1,CT,8,6,0.1,3,52
GBEmini-AP-RNF2-All-PD_rep1,GA,8,6,0.1,3,46
GBEmini-AP-RNF2-All-PD_rep1,CT,8,8,0.01,1,17731
GBEmini-AP-RNF2-All-PD_rep1,GA,8,8,0.01,1,17466
GBEmini-AP-RNF2-All-PD_rep1,CT,8,8,0.01,2,1646
GBEmini-AP-RNF2-All-PD_rep1,GA,8,8,0.01,2,1534
GBEmini-AP-RNF2-All-PD_rep1,CT,8,8,0.01,3,743
GBEmini-AP-RNF2-All-PD_rep1,GA,8,8,0.01,3,655
GBEmini-AP-RNF2-All-PD_rep1,CT,8,8,0.1,1,16093
GBEmini-AP-RNF2-All-PD_rep1,GA,8,8,0.1,1,16003
GBEmini-AP-RNF2-All-PD_rep1,CT,8,8,0.1,2,610
GBEmini-AP-RNF2-All-PD_rep1,GA,8,8,0.1,2,573
GBEmini-AP-RNF2-All-PD_rep1,CT,8,8,0.1,3,52
GBEmini-AP-RNF2-All-PD_rep1,GA,8,8,0.1,3,46
GBEmini-dU-RNF2-All-PD_rep1,CT,1,10,0.01,1,2611989
GBEmini-dU-RNF2-All-PD_rep1,GA,1,10,0.01,1,2620597
GBEmini-dU-RNF2-All-PD_rep1,CT,1,10,0.01,2,1005868
GBEmini-dU-RNF2-All-PD_rep1,GA,1,10,0.01,2,1027856
GBEmini-dU-RNF2-All-PD_rep1,CT,1,10,0.01,3,370200
GBEmini-dU-RNF2-All-PD_rep1,GA,1,10,0.01,3,389983
GBEmini-dU-RNF2-All-PD_rep1,CT,1,10,0.1,1,1270516
GBEmini-dU-RNF2-All-PD_rep1,GA,1,10,0.1,1,1280954
GBEmini-dU-RNF2-All-PD_rep1,CT,1,10,0.1,2,306313
GBEmini-dU-RNF2-All-PD_rep1,GA,1,10,0.1,2,312524
GBEmini-dU-RNF2-All-PD_rep1,CT,1,10,0.1,3,73978
GBEmini-dU-RNF2-All-PD_rep1,GA,1,10,0.1,3,76889
GBEmini-dU-RNF2-All-PD_rep1,CT,1,15,0.01,1,326423
GBEmini-dU-RNF2-All-PD_rep1,GA,1,15,0.01,1,326503
GBEmini-dU-RNF2-All-PD_rep1,CT,1,15,0.01,2,138286
GBEmini-dU-RNF2-All-PD_rep1,GA,1,15,0.01,2,142434
GBEmini-dU-RNF2-All-PD_rep1,CT,1,15,0.01,3,58672
GBEmini-dU-RNF2-All-PD_rep1,GA,1,15,0.01,3,62771
GBEmini-dU-RNF2-All-PD_rep1,CT,1,15,0.1,1,50751
GBEmini-dU-RNF2-All-PD_rep1,GA,1,15,0.1,1,50191
GBEmini-dU-RNF2-All-PD_rep1,CT,1,15,0.1,2,8057
GBEmini-dU-RNF2-All-PD_rep1,GA,1,15,0.1,2,7803
GBEmini-dU-RNF2-All-PD_rep1,CT,1,15,0.1,3,1488
GBEmini-dU-RNF2-All-PD_rep1,GA,1,15,0.1,3,1529
GBEmini-dU-RNF2-All-PD_rep1,CT,1,20,0.01,1,77441
GBEmini-dU-RNF2-All-PD_rep1,GA,1,20,0.01,1,77043
GBEmini-dU-RNF2-All-PD_rep1,CT,1,20,0.01,2,37758
GBEmini-dU-RNF2-All-PD_rep1,GA,1,20,0.01,2,38910
GBEmini-dU-RNF2-All-PD_rep1,CT,1,20,0.01,3,18618
GBEmini-dU-RNF2-All-PD_rep1,GA,1,20,0.01,3,20176
GBEmini-dU-RNF2-All-PD_rep1,CT,1,20,0.1,1,9189
GBEmini-dU-RNF2-All-PD_rep1,GA,1,20,0.1,1,9029
GBEmini-dU-RNF2-All-PD_rep1,CT,1,20,0.1,2,986
GBEmini-dU-RNF2-All-PD_rep1,GA,1,20,0.1,2,1017
GBEmini-dU-RNF2-All-PD_rep1,CT,1,20,0.1,3,137
GBEmini-dU-RNF2-All-PD_rep1,GA,1,20,0.1,3,162
GBEmini-dU-RNF2-All-PD_rep1,CT,1,5,0.01,1,13455675
GBEmini-dU-RNF2-All-PD_rep1,GA,1,5,0.01,1,13508970
GBEmini-dU-RNF2-All-PD_rep1,CT,1,5,0.01,2,5083762
GBEmini-dU-RNF2-All-PD_rep1,GA,1,5,0.01,2,5176265
GBEmini-dU-RNF2-All-PD_rep1,CT,1,5,0.01,3,1734570
GBEmini-dU-RNF2-All-PD_rep1,GA,1,5,0.01,3,1812299
GBEmini-dU-RNF2-All-PD_rep1,CT,1,5,0.1,1,12156172
GBEmini-dU-RNF2-All-PD_rep1,GA,1,5,0.1,1,12214095
GBEmini-dU-RNF2-All-PD_rep1,CT,1,5,0.1,2,4379471
GBEmini-dU-RNF2-All-PD_rep1,GA,1,5,0.1,2,4457251
GBEmini-dU-RNF2-All-PD_rep1,CT,1,5,0.1,3,1421691
GBEmini-dU-RNF2-All-PD_rep1,GA,1,5,0.1,3,1481704
GBEmini-dU-RNF2-All-PD_rep1,CT,1,6,0.01,1,10736876
GBEmini-dU-RNF2-All-PD_rep1,GA,1,6,0.01,1,10778196
GBEmini-dU-RNF2-All-PD_rep1,CT,1,6,0.01,2,4062082
GBEmini-dU-RNF2-All-PD_rep1,GA,1,6,0.01,2,4138913
GBEmini-dU-RNF2-All-PD_rep1,CT,1,6,0.01,3,1402751
GBEmini-dU-RNF2-All-PD_rep1,GA,1,6,0.01,3,1467935
GBEmini-dU-RNF2-All-PD_rep1,CT,1,6,0.1,1,9437317
GBEmini-dU-RNF2-All-PD_rep1,GA,1,6,0.1,1,9483267
GBEmini-dU-RNF2-All-PD_rep1,CT,1,6,0.1,2,3357772
GBEmini-dU-RNF2-All-PD_rep1,GA,1,6,0.1,2,3419870
GBEmini-dU-RNF2-All-PD_rep1,CT,1,6,0.1,3,1089873
GBEmini-dU-RNF2-All-PD_rep1,GA,1,6,0.1,3,1137364
GBEmini-dU-RNF2-All-PD_rep1,CT,1,8,0.01,1,5759099
GBEmini-dU-RNF2-All-PD_rep1,GA,1,8,0.01,1,5780611
GBEmini-dU-RNF2-All-PD_rep1,CT,1,8,0.01,2,2189090
GBEmini-dU-RNF2-All-PD_rep1,GA,1,8,0.01,2,2234903
GBEmini-dU-RNF2-All-PD_rep1,CT,1,8,0.01,3,778096
GBEmini-dU-RNF2-All-PD_rep1,GA,1,8,0.01,3,817195
GBEmini-dU-RNF2-All-PD_rep1,CT,1,8,0.1,1,4457846
GBEmini-dU-RNF2-All-PD_rep1,GA,1,8,0.1,1,4483891
GBEmini-dU-RNF2-All-PD_rep1,CT,1,8,0.1,2,1484419
GBEmini-dU-RNF2-All-PD_rep1,GA,1,8,0.1,2,1515315
GBEmini-dU-RNF2-All-PD_rep1,CT,1,8,0.1,3,465689
GBEmini-dU-RNF2-All-PD_rep1,GA,1,8,0.1,3,487159
GBEmini-dU-RNF2-All-PD_rep1,CT,2,10,0.01,1,310209
GBEmini-dU-RNF2-All-PD_rep1,GA,2,10,0.01,1,307184
GBEmini-dU-RNF2-All-PD_rep1,CT,2,10,0.01,2,49120
GBEmini-dU-RNF2-All-PD_rep1,GA,2,10,0.01,2,48438
GBEmini-dU-RNF2-All-PD_rep1,CT,2,10,0.01,2,54403
GBEmini-dU-RNF2-All-PD_rep1,GA,2,10,0.01,2,54698
GBEmini-dU-RNF2-All-PD_rep1,CT,2,10,0.01,3,9910
GBEmini-dU-RNF2-All-PD_rep1,GA,2,10,0.01,3,9797
GBEmini-dU-RNF2-All-PD_rep1,CT,2,10,0.1,1,295012
GBEmini-dU-RNF2-All-PD_rep1,GA,2,10,0.1,1,293172
GBEmini-dU-RNF2-All-PD_rep1,CT,2,10,0.1,2,42597
GBEmini-dU-RNF2-All-PD_rep1,GA,2,10,0.1,2,42343
GBEmini-dU-RNF2-All-PD_rep1,CT,2,10,0.1,2,46667
GBEmini-dU-RNF2-All-PD_rep1,GA,2,10,0.1,2,47060
GBEmini-dU-RNF2-All-PD_rep1,CT,2,10,0.1,3,6985
GBEmini-dU-RNF2-All-PD_rep1,GA,2,10,0.1,3,6945
GBEmini-dU-RNF2-All-PD_rep1,CT,2,15,0.01,1,65954
GBEmini-dU-RNF2-All-PD_rep1,GA,2,15,0.01,1,64210
GBEmini-dU-RNF2-All-PD_rep1,CT,2,15,0.01,2,14581
GBEmini-dU-RNF2-All-PD_rep1,GA,2,15,0.01,2,13892
GBEmini-dU-RNF2-All-PD_rep1,CT,2,15,0.01,3,4411
GBEmini-dU-RNF2-All-PD_rep1,GA,2,15,0.01,3,4377
GBEmini-dU-RNF2-All-PD_rep1,CT,2,15,0.1,1,50751
GBEmini-dU-RNF2-All-PD_rep1,GA,2,15,0.1,1,50191
GBEmini-dU-RNF2-All-PD_rep1,CT,2,15,0.1,2,8057
GBEmini-dU-RNF2-All-PD_rep1,GA,2,15,0.1,2,7803
GBEmini-dU-RNF2-All-PD_rep1,CT,2,15,0.1,3,1488
GBEmini-dU-RNF2-All-PD_rep1,GA,2,15,0.1,3,1529
GBEmini-dU-RNF2-All-PD_rep1,CT,2,20,0.01,1,24753
GBEmini-dU-RNF2-All-PD_rep1,GA,2,20,0.01,1,23403
GBEmini-dU-RNF2-All-PD_rep1,CT,2,20,0.01,2,7409
GBEmini-dU-RNF2-All-PD_rep1,GA,2,20,0.01,2,7047
GBEmini-dU-RNF2-All-PD_rep1,CT,2,20,0.01,3,2984
GBEmini-dU-RNF2-All-PD_rep1,GA,2,20,0.01,3,2942
GBEmini-dU-RNF2-All-PD_rep1,CT,2,20,0.1,1,9189
GBEmini-dU-RNF2-All-PD_rep1,GA,2,20,0.1,1,9029
GBEmini-dU-RNF2-All-PD_rep1,CT,2,20,0.1,2,986
GBEmini-dU-RNF2-All-PD_rep1,GA,2,20,0.1,2,1017
GBEmini-dU-RNF2-All-PD_rep1,CT,2,20,0.1,3,137
GBEmini-dU-RNF2-All-PD_rep1,GA,2,20,0.1,3,162
GBEmini-dU-RNF2-All-PD_rep1,CT,2,5,0.01,1,974233
GBEmini-dU-RNF2-All-PD_rep1,GA,2,5,0.01,1,966264
GBEmini-dU-RNF2-All-PD_rep1,CT,2,5,0.01,2,131231
GBEmini-dU-RNF2-All-PD_rep1,GA,2,5,0.01,2,129925
GBEmini-dU-RNF2-All-PD_rep1,CT,2,5,0.01,2,142924
GBEmini-dU-RNF2-All-PD_rep1,GA,2,5,0.01,2,143161
GBEmini-dU-RNF2-All-PD_rep1,CT,2,5,0.01,3,20743
GBEmini-dU-RNF2-All-PD_rep1,GA,2,5,0.01,3,20797
GBEmini-dU-RNF2-All-PD_rep1,CT,2,5,0.1,1,959038
GBEmini-dU-RNF2-All-PD_rep1,GA,2,5,0.1,1,952252
GBEmini-dU-RNF2-All-PD_rep1,CT,2,5,0.1,2,124706
GBEmini-dU-RNF2-All-PD_rep1,GA,2,5,0.1,2,123831
GBEmini-dU-RNF2-All-PD_rep1,CT,2,5,0.1,2,135186
GBEmini-dU-RNF2-All-PD_rep1,GA,2,5,0.1,2,135524
GBEmini-dU-RNF2-All-PD_rep1,CT,2,5,0.1,3,17818
GBEmini-dU-RNF2-All-PD_rep1,GA,2,5,0.1,3,17945
GBEmini-dU-RNF2-All-PD_rep1,CT,2,6,0.01,1,854061
GBEmini-dU-RNF2-All-PD_rep1,GA,2,6,0.01,1,847195
GBEmini-dU-RNF2-All-PD_rep1,CT,2,6,0.01,2,117417
GBEmini-dU-RNF2-All-PD_rep1,GA,2,6,0.01,2,116284
GBEmini-dU-RNF2-All-PD_rep1,CT,2,6,0.01,3,19166
GBEmini-dU-RNF2-All-PD_rep1,GA,2,6,0.01,3,19131
GBEmini-dU-RNF2-All-PD_rep1,CT,2,6,0.1,1,838866
GBEmini-dU-RNF2-All-PD_rep1,GA,2,6,0.1,1,833183
GBEmini-dU-RNF2-All-PD_rep1,CT,2,6,0.1,2,110892
GBEmini-dU-RNF2-All-PD_rep1,GA,2,6,0.1,2,110190
GBEmini-dU-RNF2-All-PD_rep1,CT,2,6,0.1,3,16241
GBEmini-dU-RNF2-All-PD_rep1,GA,2,6,0.1,3,16279
GBEmini-dU-RNF2-All-PD_rep1,CT,2,8,0.01,1,559257
GBEmini-dU-RNF2-All-PD_rep1,GA,2,8,0.01,1,554503
GBEmini-dU-RNF2-All-PD_rep1,CT,2,8,0.01,2,81732
GBEmini-dU-RNF2-All-PD_rep1,GA,2,8,0.01,2,80443
GBEmini-dU-RNF2-All-PD_rep1,CT,2,8,0.01,3,14509
GBEmini-dU-RNF2-All-PD_rep1,GA,2,8,0.01,3,14499
GBEmini-dU-RNF2-All-PD_rep1,CT,2,8,0.1,1,544061
GBEmini-dU-RNF2-All-PD_rep1,GA,2,8,0.1,1,540491
GBEmini-dU-RNF2-All-PD_rep1,CT,2,8,0.1,2,75208
GBEmini-dU-RNF2-All-PD_rep1,GA,2,8,0.1,2,74348
GBEmini-dU-RNF2-All-PD_rep1,CT,2,8,0.1,3,11584
GBEmini-dU-RNF2-All-PD_rep1,GA,2,8,0.1,3,11648
GBEmini-dU-RNF2-All-PD_rep1,CT,3,10,0.01,1,35662
GBEmini-dU-RNF2-All-PD_rep1,GA,3,10,0.01,1,34722
GBEmini-dU-RNF2-All-PD_rep1,CT,3,10,0.01,2,3881
GBEmini-dU-RNF2-All-PD_rep1,GA,3,10,0.01,2,3605
GBEmini-dU-RNF2-All-PD_rep1,CT,3,10,0.01,3,1293
GBEmini-dU-RNF2-All-PD_rep1,GA,3,10,0.01,3,1177
GBEmini-dU-RNF2-All-PD_rep1,CT,3,10,0.1,1,32390
GBEmini-dU-RNF2-All-PD_rep1,GA,3,10,0.1,1,32109
GBEmini-dU-RNF2-All-PD_rep1,CT,3,10,0.1,2,2075
GBEmini-dU-RNF2-All-PD_rep1,GA,3,10,0.1,2,2118
GBEmini-dU-RNF2-All-PD_rep1,CT,3,10,0.1,3,197
GBEmini-dU-RNF2-All-PD_rep1,GA,3,10,0.1,3,237
GBEmini-dU-RNF2-All-PD_rep1,CT,3,15,0.01,1,15517
GBEmini-dU-RNF2-All-PD_rep1,GA,3,15,0.01,1,14962
GBEmini-dU-RNF2-All-PD_rep1,CT,3,15,0.01,2,2848
GBEmini-dU-RNF2-All-PD_rep1,GA,3,15,0.01,2,2569
GBEmini-dU-RNF2-All-PD_rep1,CT,3,15,0.01,3,1218
GBEmini-dU-RNF2-All-PD_rep1,GA,3,15,0.01,3,1099
GBEmini-dU-RNF2-All-PD_rep1,CT,3,15,0.1,1,12245
GBEmini-dU-RNF2-All-PD_rep1,GA,3,15,0.1,1,12350
GBEmini-dU-RNF2-All-PD_rep1,CT,3,15,0.1,2,1042
GBEmini-dU-RNF2-All-PD_rep1,GA,3,15,0.1,2,1083
GBEmini-dU-RNF2-All-PD_rep1,CT,3,15,0.1,3,122
GBEmini-dU-RNF2-All-PD_rep1,GA,3,15,0.1,3,160
GBEmini-dU-RNF2-All-PD_rep1,CT,3,20,0.01,1,9572
GBEmini-dU-RNF2-All-PD_rep1,GA,3,20,0.01,1,8870
GBEmini-dU-RNF2-All-PD_rep1,CT,3,20,0.01,2,2423
GBEmini-dU-RNF2-All-PD_rep1,GA,3,20,0.01,2,2158
GBEmini-dU-RNF2-All-PD_rep1,CT,3,20,0.01,3,1176
GBEmini-dU-RNF2-All-PD_rep1,GA,3,20,0.01,3,1049
GBEmini-dU-RNF2-All-PD_rep1,CT,3,20,0.1,1,6298
GBEmini-dU-RNF2-All-PD_rep1,GA,3,20,0.1,1,6254
GBEmini-dU-RNF2-All-PD_rep1,CT,3,20,0.1,2,617
GBEmini-dU-RNF2-All-PD_rep1,GA,3,20,0.1,2,668
GBEmini-dU-RNF2-All-PD_rep1,CT,3,20,0.1,3,80
GBEmini-dU-RNF2-All-PD_rep1,GA,3,20,0.1,3,108
GBEmini-dU-RNF2-All-PD_rep1,CT,3,5,0.01,1,67900
GBEmini-dU-RNF2-All-PD_rep1,GA,3,5,0.01,1,66798
GBEmini-dU-RNF2-All-PD_rep1,CT,3,5,0.01,2,5098
GBEmini-dU-RNF2-All-PD_rep1,GA,3,5,0.01,2,4792
GBEmini-dU-RNF2-All-PD_rep1,CT,3,5,0.01,3,1377
GBEmini-dU-RNF2-All-PD_rep1,GA,3,5,0.01,3,1274
GBEmini-dU-RNF2-All-PD_rep1,CT,3,5,0.1,1,64628
GBEmini-dU-RNF2-All-PD_rep1,GA,3,5,0.1,1,64185
GBEmini-dU-RNF2-All-PD_rep1,CT,3,5,0.1,2,3292
GBEmini-dU-RNF2-All-PD_rep1,GA,3,5,0.1,2,3305
GBEmini-dU-RNF2-All-PD_rep1,CT,3,5,0.1,3,281
GBEmini-dU-RNF2-All-PD_rep1,GA,3,5,0.1,3,334
GBEmini-dU-RNF2-All-PD_rep1,CT,3,6,0.01,1,63337
GBEmini-dU-RNF2-All-PD_rep1,GA,3,6,0.01,1,62197
GBEmini-dU-RNF2-All-PD_rep1,CT,3,6,0.01,2,4982
GBEmini-dU-RNF2-All-PD_rep1,GA,3,6,0.01,2,4658
GBEmini-dU-RNF2-All-PD_rep1,CT,3,6,0.01,3,1366
GBEmini-dU-RNF2-All-PD_rep1,GA,3,6,0.01,3,1269
GBEmini-dU-RNF2-All-PD_rep1,CT,3,6,0.1,1,60065
GBEmini-dU-RNF2-All-PD_rep1,GA,3,6,0.1,1,59584
GBEmini-dU-RNF2-All-PD_rep1,CT,3,6,0.1,2,3176
GBEmini-dU-RNF2-All-PD_rep1,GA,3,6,0.1,2,3171
GBEmini-dU-RNF2-All-PD_rep1,CT,3,6,0.1,3,270
GBEmini-dU-RNF2-All-PD_rep1,GA,3,6,0.1,3,329
GBEmini-dU-RNF2-All-PD_rep1,CT,3,8,0.01,1,49818
GBEmini-dU-RNF2-All-PD_rep1,GA,3,8,0.01,1,49014
GBEmini-dU-RNF2-All-PD_rep1,CT,3,8,0.01,2,4488
GBEmini-dU-RNF2-All-PD_rep1,GA,3,8,0.01,2,4177
GBEmini-dU-RNF2-All-PD_rep1,CT,3,8,0.01,3,1336
GBEmini-dU-RNF2-All-PD_rep1,GA,3,8,0.01,3,1230
GBEmini-dU-RNF2-All-PD_rep1,CT,3,8,0.1,1,46546
GBEmini-dU-RNF2-All-PD_rep1,GA,3,8,0.1,1,46401
GBEmini-dU-RNF2-All-PD_rep1,CT,3,8,0.1,2,2682
GBEmini-dU-RNF2-All-PD_rep1,GA,3,8,0.1,2,2690
GBEmini-dU-RNF2-All-PD_rep1,CT,3,8,0.1,3,240
GBEmini-dU-RNF2-All-PD_rep1,GA,3,8,0.1,3,290
GBEmini-dU-RNF2-All-PD_rep1,CT,4,10,0.01,1,11234
GBEmini-dU-RNF2-All-PD_rep1,GA,4,10,0.01,1,10716
GBEmini-dU-RNF2-All-PD_rep1,CT,4,10,0.01,2,1688
GBEmini-dU-RNF2-All-PD_rep1,GA,4,10,0.01,2,1494
GBEmini-dU-RNF2-All-PD_rep1,CT,4,10,0.01,2,2305
GBEmini-dU-RNF2-All-PD_rep1,GA,4,10,0.01,2,2296
GBEmini-dU-RNF2-All-PD_rep1,CT,4,10,0.01,3,803
GBEmini-dU-RNF2-All-PD_rep1,GA,4,10,0.01,3,724
GBEmini-dU-RNF2-All-PD_rep1,CT,4,10,0.1,1,9485
GBEmini-dU-RNF2-All-PD_rep1,GA,4,10,0.1,1,9493
GBEmini-dU-RNF2-All-PD_rep1,CT,4,10,0.1,2,558
GBEmini-dU-RNF2-All-PD_rep1,GA,4,10,0.1,2,584
GBEmini-dU-RNF2-All-PD_rep1,CT,4,10,0.1,2,662
GBEmini-dU-RNF2-All-PD_rep1,GA,4,10,0.1,2,734
GBEmini-dU-RNF2-All-PD_rep1,CT,4,10,0.1,3,52
GBEmini-dU-RNF2-All-PD_rep1,GA,4,10,0.1,3,59
GBEmini-dU-RNF2-All-PD_rep1,CT,4,15,0.01,1,7614
GBEmini-dU-RNF2-All-PD_rep1,GA,4,15,0.01,1,7219
GBEmini-dU-RNF2-All-PD_rep1,CT,4,15,0.01,2,1562
GBEmini-dU-RNF2-All-PD_rep1,GA,4,15,0.01,2,1353
GBEmini-dU-RNF2-All-PD_rep1,CT,4,15,0.01,3,795
GBEmini-dU-RNF2-All-PD_rep1,GA,4,15,0.01,3,718
GBEmini-dU-RNF2-All-PD_rep1,CT,4,15,0.1,1,5865
GBEmini-dU-RNF2-All-PD_rep1,GA,4,15,0.1,1,5996
GBEmini-dU-RNF2-All-PD_rep1,CT,4,15,0.1,2,432
GBEmini-dU-RNF2-All-PD_rep1,GA,4,15,0.1,2,443
GBEmini-dU-RNF2-All-PD_rep1,CT,4,15,0.1,3,44
GBEmini-dU-RNF2-All-PD_rep1,GA,4,15,0.1,3,53
GBEmini-dU-RNF2-All-PD_rep1,CT,4,20,0.01,1,5791
GBEmini-dU-RNF2-All-PD_rep1,GA,4,20,0.01,1,5301
GBEmini-dU-RNF2-All-PD_rep1,CT,4,20,0.01,2,1472
GBEmini-dU-RNF2-All-PD_rep1,GA,4,20,0.01,2,1270
GBEmini-dU-RNF2-All-PD_rep1,CT,4,20,0.01,3,790
GBEmini-dU-RNF2-All-PD_rep1,GA,4,20,0.01,3,710
GBEmini-dU-RNF2-All-PD_rep1,CT,4,20,0.1,1,4042
GBEmini-dU-RNF2-All-PD_rep1,GA,4,20,0.1,1,4078
GBEmini-dU-RNF2-All-PD_rep1,CT,4,20,0.1,2,342
GBEmini-dU-RNF2-All-PD_rep1,GA,4,20,0.1,2,360
GBEmini-dU-RNF2-All-PD_rep1,CT,4,20,0.1,3,39
GBEmini-dU-RNF2-All-PD_rep1,GA,4,20,0.1,3,45
GBEmini-dU-RNF2-All-PD_rep1,CT,4,5,0.01,1,17444
GBEmini-dU-RNF2-All-PD_rep1,GA,4,5,0.01,1,16854
GBEmini-dU-RNF2-All-PD_rep1,CT,4,5,0.01,2,1780
GBEmini-dU-RNF2-All-PD_rep1,GA,4,5,0.01,2,1569
GBEmini-dU-RNF2-All-PD_rep1,CT,4,5,0.01,2,2398
GBEmini-dU-RNF2-All-PD_rep1,GA,4,5,0.01,2,2378
GBEmini-dU-RNF2-All-PD_rep1,CT,4,5,0.01,3,808
GBEmini-dU-RNF2-All-PD_rep1,GA,4,5,0.01,3,727
GBEmini-dU-RNF2-All-PD_rep1,CT,4,5,0.1,1,15695
GBEmini-dU-RNF2-All-PD_rep1,GA,4,5,0.1,1,15631
GBEmini-dU-RNF2-All-PD_rep1,CT,4,5,0.1,2,650
GBEmini-dU-RNF2-All-PD_rep1,GA,4,5,0.1,2,659
GBEmini-dU-RNF2-All-PD_rep1,CT,4,5,0.1,2,755
GBEmini-dU-RNF2-All-PD_rep1,GA,4,5,0.1,2,816
GBEmini-dU-RNF2-All-PD_rep1,CT,4,5,0.1,3,57
GBEmini-dU-RNF2-All-PD_rep1,GA,4,5,0.1,3,62
GBEmini-dU-RNF2-All-PD_rep1,CT,4,6,0.01,1,16107
GBEmini-dU-RNF2-All-PD_rep1,GA,4,6,0.01,1,15486
GBEmini-dU-RNF2-All-PD_rep1,CT,4,6,0.01,2,1772
GBEmini-dU-RNF2-All-PD_rep1,GA,4,6,0.01,2,1558
GBEmini-dU-RNF2-All-PD_rep1,CT,4,6,0.01,3,808
GBEmini-dU-RNF2-All-PD_rep1,GA,4,6,0.01,3,727
GBEmini-dU-RNF2-All-PD_rep1,CT,4,6,0.1,1,14358
GBEmini-dU-RNF2-All-PD_rep1,GA,4,6,0.1,1,14263
GBEmini-dU-RNF2-All-PD_rep1,CT,4,6,0.1,2,642
GBEmini-dU-RNF2-All-PD_rep1,GA,4,6,0.1,2,648
GBEmini-dU-RNF2-All-PD_rep1,CT,4,6,0.1,3,57
GBEmini-dU-RNF2-All-PD_rep1,GA,4,6,0.1,3,62
GBEmini-dU-RNF2-All-PD_rep1,CT,4,8,0.01,1,13409
GBEmini-dU-RNF2-All-PD_rep1,GA,4,8,0.01,1,12908
GBEmini-dU-RNF2-All-PD_rep1,CT,4,8,0.01,2,1737
GBEmini-dU-RNF2-All-PD_rep1,GA,4,8,0.01,2,1528
GBEmini-dU-RNF2-All-PD_rep1,CT,4,8,0.01,3,804
GBEmini-dU-RNF2-All-PD_rep1,GA,4,8,0.01,3,727
GBEmini-dU-RNF2-All-PD_rep1,CT,4,8,0.1,1,11660
GBEmini-dU-RNF2-All-PD_rep1,GA,4,8,0.1,1,11685
GBEmini-dU-RNF2-All-PD_rep1,CT,4,8,0.1,2,607
GBEmini-dU-RNF2-All-PD_rep1,GA,4,8,0.1,2,618
GBEmini-dU-RNF2-All-PD_rep1,CT,4,8,0.1,3,53
GBEmini-dU-RNF2-All-PD_rep1,GA,4,8,0.1,3,62
GBEmini-dU-RNF2-All-PD_rep1,CT,5,10,0.01,1,7713
GBEmini-dU-RNF2-All-PD_rep1,GA,5,10,0.01,1,7285
GBEmini-dU-RNF2-All-PD_rep1,CT,5,10,0.01,2,1210
GBEmini-dU-RNF2-All-PD_rep1,GA,5,10,0.01,2,1074
GBEmini-dU-RNF2-All-PD_rep1,CT,5,10,0.01,3,630
GBEmini-dU-RNF2-All-PD_rep1,GA,5,10,0.01,3,557
GBEmini-dU-RNF2-All-PD_rep1,CT,5,10,0.1,1,6505
GBEmini-dU-RNF2-All-PD_rep1,GA,5,10,0.1,1,6450
GBEmini-dU-RNF2-All-PD_rep1,CT,5,10,0.1,2,363
GBEmini-dU-RNF2-All-PD_rep1,GA,5,10,0.1,2,379
GBEmini-dU-RNF2-All-PD_rep1,CT,5,10,0.1,3,33
GBEmini-dU-RNF2-All-PD_rep1,GA,5,10,0.1,3,36
GBEmini-dU-RNF2-All-PD_rep1,CT,5,15,0.01,1,5641
GBEmini-dU-RNF2-All-PD_rep1,GA,5,15,0.01,1,5314
GBEmini-dU-RNF2-All-PD_rep1,CT,5,15,0.01,2,1147
GBEmini-dU-RNF2-All-PD_rep1,GA,5,15,0.01,2,1009
GBEmini-dU-RNF2-All-PD_rep1,CT,5,15,0.01,3,625
GBEmini-dU-RNF2-All-PD_rep1,GA,5,15,0.01,3,555
GBEmini-dU-RNF2-All-PD_rep1,CT,5,15,0.1,1,4433
GBEmini-dU-RNF2-All-PD_rep1,GA,5,15,0.1,1,4479
GBEmini-dU-RNF2-All-PD_rep1,CT,5,15,0.1,2,300
GBEmini-dU-RNF2-All-PD_rep1,GA,5,15,0.1,2,314
GBEmini-dU-RNF2-All-PD_rep1,CT,5,15,0.1,3,28
GBEmini-dU-RNF2-All-PD_rep1,GA,5,15,0.1,3,34
GBEmini-dU-RNF2-All-PD_rep1,CT,5,20,0.01,1,4429
GBEmini-dU-RNF2-All-PD_rep1,GA,5,20,0.01,1,4036
GBEmini-dU-RNF2-All-PD_rep1,CT,5,20,0.01,2,1092
GBEmini-dU-RNF2-All-PD_rep1,GA,5,20,0.01,2,957
GBEmini-dU-RNF2-All-PD_rep1,CT,5,20,0.01,3,622
GBEmini-dU-RNF2-All-PD_rep1,GA,5,20,0.01,3,552
GBEmini-dU-RNF2-All-PD_rep1,CT,5,20,0.1,1,3221
GBEmini-dU-RNF2-All-PD_rep1,GA,5,20,0.1,1,3201
GBEmini-dU-RNF2-All-PD_rep1,CT,5,20,0.1,2,245
GBEmini-dU-RNF2-All-PD_rep1,GA,5,20,0.1,2,262
GBEmini-dU-RNF2-All-PD_rep1,CT,5,20,0.1,3,25
GBEmini-dU-RNF2-All-PD_rep1,GA,5,20,0.1,3,31
GBEmini-dU-RNF2-All-PD_rep1,CT,5,5,0.01,1,11738
GBEmini-dU-RNF2-All-PD_rep1,GA,5,5,0.01,1,11258
GBEmini-dU-RNF2-All-PD_rep1,CT,5,5,0.01,2,1244
GBEmini-dU-RNF2-All-PD_rep1,GA,5,5,0.01,2,1103
GBEmini-dU-RNF2-All-PD_rep1,CT,5,5,0.01,3,630
GBEmini-dU-RNF2-All-PD_rep1,GA,5,5,0.01,3,558
GBEmini-dU-RNF2-All-PD_rep1,CT,5,5,0.1,1,10530
GBEmini-dU-RNF2-All-PD_rep1,GA,5,5,0.1,1,10423
GBEmini-dU-RNF2-All-PD_rep1,CT,5,5,0.1,2,397
GBEmini-dU-RNF2-All-PD_rep1,GA,5,5,0.1,2,408
GBEmini-dU-RNF2-All-PD_rep1,CT,5,5,0.1,3,33
GBEmini-dU-RNF2-All-PD_rep1,GA,5,5,0.1,3,37
GBEmini-dU-RNF2-All-PD_rep1,CT,5,6,0.01,1,10756
GBEmini-dU-RNF2-All-PD_rep1,GA,5,6,0.01,1,10257
GBEmini-dU-RNF2-All-PD_rep1,CT,5,6,0.01,2,1243
GBEmini-dU-RNF2-All-PD_rep1,GA,5,6,0.01,2,1097
GBEmini-dU-RNF2-All-PD_rep1,CT,5,6,0.01,3,630
GBEmini-dU-RNF2-All-PD_rep1,GA,5,6,0.01,3,558
GBEmini-dU-RNF2-All-PD_rep1,CT,5,6,0.1,1,9548
GBEmini-dU-RNF2-All-PD_rep1,GA,5,6,0.1,1,9422
GBEmini-dU-RNF2-All-PD_rep1,CT,5,6,0.1,2,396
GBEmini-dU-RNF2-All-PD_rep1,GA,5,6,0.1,2,402
GBEmini-dU-RNF2-All-PD_rep1,CT,5,6,0.1,3,33
GBEmini-dU-RNF2-All-PD_rep1,GA,5,6,0.1,3,37
GBEmini-dU-RNF2-All-PD_rep1,CT,5,8,0.01,1,8973
GBEmini-dU-RNF2-All-PD_rep1,GA,5,8,0.01,1,8568
GBEmini-dU-RNF2-All-PD_rep1,CT,5,8,0.01,2,1228
GBEmini-dU-RNF2-All-PD_rep1,GA,5,8,0.01,2,1087
GBEmini-dU-RNF2-All-PD_rep1,CT,5,8,0.01,3,630
GBEmini-dU-RNF2-All-PD_rep1,GA,5,8,0.01,3,558
GBEmini-dU-RNF2-All-PD_rep1,CT,5,8,0.1,1,7765
GBEmini-dU-RNF2-All-PD_rep1,GA,5,8,0.1,1,7733
GBEmini-dU-RNF2-All-PD_rep1,CT,5,8,0.1,2,381
GBEmini-dU-RNF2-All-PD_rep1,GA,5,8,0.1,2,392
GBEmini-dU-RNF2-All-PD_rep1,CT,5,8,0.1,3,33
GBEmini-dU-RNF2-All-PD_rep1,GA,5,8,0.1,3,37
GBEmini-dU-RNF2-All-PD_rep1,CT,6,10,0.01,1,6195
GBEmini-dU-RNF2-All-PD_rep1,GA,6,10,0.01,1,5836
GBEmini-dU-RNF2-All-PD_rep1,CT,6,10,0.01,2,974
GBEmini-dU-RNF2-All-PD_rep1,GA,6,10,0.01,2,894
GBEmini-dU-RNF2-All-PD_rep1,CT,6,10,0.01,3,506
GBEmini-dU-RNF2-All-PD_rep1,GA,6,10,0.01,3,462
GBEmini-dU-RNF2-All-PD_rep1,CT,6,10,0.1,1,5243
GBEmini-dU-RNF2-All-PD_rep1,GA,6,10,0.1,1,5154
GBEmini-dU-RNF2-All-PD_rep1,CT,6,10,0.1,2,273
GBEmini-dU-RNF2-All-PD_rep1,GA,6,10,0.1,2,300
GBEmini-dU-RNF2-All-PD_rep1,CT,6,10,0.1,3,20
GBEmini-dU-RNF2-All-PD_rep1,GA,6,10,0.1,3,26
GBEmini-dU-RNF2-All-PD_rep1,CT,6,15,0.01,1,4673
GBEmini-dU-RNF2-All-PD_rep1,GA,6,15,0.01,1,4379
GBEmini-dU-RNF2-All-PD_rep1,CT,6,15,0.01,2,939
GBEmini-dU-RNF2-All-PD_rep1,GA,6,15,0.01,2,849
GBEmini-dU-RNF2-All-PD_rep1,CT,6,15,0.01,3,501
GBEmini-dU-RNF2-All-PD_rep1,GA,6,15,0.01,3,461
GBEmini-dU-RNF2-All-PD_rep1,CT,6,15,0.1,1,3721
GBEmini-dU-RNF2-All-PD_rep1,GA,6,15,0.1,1,3697
GBEmini-dU-RNF2-All-PD_rep1,CT,6,15,0.1,2,238
GBEmini-dU-RNF2-All-PD_rep1,GA,6,15,0.1,2,255
GBEmini-dU-RNF2-All-PD_rep1,CT,6,15,0.1,3,15
GBEmini-dU-RNF2-All-PD_rep1,GA,6,15,0.1,3,25
GBEmini-dU-RNF2-All-PD_rep1,CT,6,20,0.01,1,3731
GBEmini-dU-RNF2-All-PD_rep1,GA,6,20,0.01,1,3386
GBEmini-dU-RNF2-All-PD_rep1,CT,6,20,0.01,2,900
GBEmini-dU-RNF2-All-PD_rep1,GA,6,20,0.01,2,817
GBEmini-dU-RNF2-All-PD_rep1,CT,6,20,0.01,3,500
GBEmini-dU-RNF2-All-PD_rep1,GA,6,20,0.01,3,459
GBEmini-dU-RNF2-All-PD_rep1,CT,6,20,0.1,1,2779
GBEmini-dU-RNF2-All-PD_rep1,GA,6,20,0.1,1,2704
GBEmini-dU-RNF2-All-PD_rep1,CT,6,20,0.1,2,199
GBEmini-dU-RNF2-All-PD_rep1,GA,6,20,0.1,2,223
GBEmini-dU-RNF2-All-PD_rep1,CT,6,20,0.1,3,14
GBEmini-dU-RNF2-All-PD_rep1,GA,6,20,0.1,3,23
GBEmini-dU-RNF2-All-PD_rep1,CT,6,5,0.01,1,8460
GBEmini-dU-RNF2-All-PD_rep1,GA,6,5,0.01,1,8097
GBEmini-dU-RNF2-All-PD_rep1,CT,6,5,0.01,2,988
GBEmini-dU-RNF2-All-PD_rep1,GA,6,5,0.01,2,907
GBEmini-dU-RNF2-All-PD_rep1,CT,6,5,0.01,3,506
GBEmini-dU-RNF2-All-PD_rep1,GA,6,5,0.01,3,463
GBEmini-dU-RNF2-All-PD_rep1,CT,6,5,0.1,1,7508
GBEmini-dU-RNF2-All-PD_rep1,GA,6,5,0.1,1,7415
GBEmini-dU-RNF2-All-PD_rep1,CT,6,5,0.1,2,287
GBEmini-dU-RNF2-All-PD_rep1,GA,6,5,0.1,2,313
GBEmini-dU-RNF2-All-PD_rep1,CT,6,5,0.1,3,20
GBEmini-dU-RNF2-All-PD_rep1,GA,6,5,0.1,3,27
GBEmini-dU-RNF2-All-PD_rep1,CT,6,6,0.01,1,8460
GBEmini-dU-RNF2-All-PD_rep1,GA,6,6,0.01,1,8097
GBEmini-dU-RNF2-All-PD_rep1,CT,6,6,0.01,2,988
GBEmini-dU-RNF2-All-PD_rep1,GA,6,6,0.01,2,907
GBEmini-dU-RNF2-All-PD_rep1,CT,6,6,0.01,3,506
GBEmini-dU-RNF2-All-PD_rep1,GA,6,6,0.01,3,463
GBEmini-dU-RNF2-All-PD_rep1,CT,6,6,0.1,1,7508
GBEmini-dU-RNF2-All-PD_rep1,GA,6,6,0.1,1,7415
GBEmini-dU-RNF2-All-PD_rep1,CT,6,6,0.1,2,287
GBEmini-dU-RNF2-All-PD_rep1,GA,6,6,0.1,2,313
GBEmini-dU-RNF2-All-PD_rep1,CT,6,6,0.1,3,20
GBEmini-dU-RNF2-All-PD_rep1,GA,6,6,0.1,3,27
GBEmini-dU-RNF2-All-PD_rep1,CT,6,8,0.01,1,7103
GBEmini-dU-RNF2-All-PD_rep1,GA,6,8,0.01,1,6773
GBEmini-dU-RNF2-All-PD_rep1,CT,6,8,0.01,2,984
GBEmini-dU-RNF2-All-PD_rep1,GA,6,8,0.01,2,899
GBEmini-dU-RNF2-All-PD_rep1,CT,6,8,0.01,3,506
GBEmini-dU-RNF2-All-PD_rep1,GA,6,8,0.01,3,463
GBEmini-dU-RNF2-All-PD_rep1,CT,6,8,0.1,1,6151
GBEmini-dU-RNF2-All-PD_rep1,GA,6,8,0.1,1,6091
GBEmini-dU-RNF2-All-PD_rep1,CT,6,8,0.1,2,283
GBEmini-dU-RNF2-All-PD_rep1,GA,6,8,0.1,2,305
GBEmini-dU-RNF2-All-PD_rep1,CT,6,8,0.1,3,20
GBEmini-dU-RNF2-All-PD_rep1,GA,6,8,0.1,3,27
GBEmini-dU-RNF2-All-PD_rep1,CT,7,10,0.01,1,5090
GBEmini-dU-RNF2-All-PD_rep1,GA,7,10,0.01,1,4837
GBEmini-dU-RNF2-All-PD_rep1,CT,7,10,0.01,2,799
GBEmini-dU-RNF2-All-PD_rep1,GA,7,10,0.01,2,722
GBEmini-dU-RNF2-All-PD_rep1,CT,7,10,0.01,3,436
GBEmini-dU-RNF2-All-PD_rep1,GA,7,10,0.01,3,408
GBEmini-dU-RNF2-All-PD_rep1,CT,7,10,0.1,1,4295
GBEmini-dU-RNF2-All-PD_rep1,GA,7,10,0.1,1,4248
GBEmini-dU-RNF2-All-PD_rep1,CT,7,10,0.1,2,219
GBEmini-dU-RNF2-All-PD_rep1,GA,7,10,0.1,2,218
GBEmini-dU-RNF2-All-PD_rep1,CT,7,10,0.1,3,16
GBEmini-dU-RNF2-All-PD_rep1,GA,7,10,0.1,3,23
GBEmini-dU-RNF2-All-PD_rep1,CT,7,15,0.01,1,3930
GBEmini-dU-RNF2-All-PD_rep1,GA,7,15,0.01,1,3732
GBEmini-dU-RNF2-All-PD_rep1,CT,7,15,0.01,2,770
GBEmini-dU-RNF2-All-PD_rep1,GA,7,15,0.01,2,694
GBEmini-dU-RNF2-All-PD_rep1,CT,7,15,0.01,3,432
GBEmini-dU-RNF2-All-PD_rep1,GA,7,15,0.01,3,406
GBEmini-dU-RNF2-All-PD_rep1,CT,7,15,0.1,1,3135
GBEmini-dU-RNF2-All-PD_rep1,GA,7,15,0.1,1,3143
GBEmini-dU-RNF2-All-PD_rep1,CT,7,15,0.1,2,190
GBEmini-dU-RNF2-All-PD_rep1,GA,7,15,0.1,2,190
GBEmini-dU-RNF2-All-PD_rep1,CT,7,15,0.1,3,12
GBEmini-dU-RNF2-All-PD_rep1,GA,7,15,0.1,3,21
GBEmini-dU-RNF2-All-PD_rep1,CT,7,20,0.01,1,3179
GBEmini-dU-RNF2-All-PD_rep1,GA,7,20,0.01,1,2924
GBEmini-dU-RNF2-All-PD_rep1,CT,7,20,0.01,2,739
GBEmini-dU-RNF2-All-PD_rep1,GA,7,20,0.01,2,675
GBEmini-dU-RNF2-All-PD_rep1,CT,7,20,0.01,3,431
GBEmini-dU-RNF2-All-PD_rep1,GA,7,20,0.01,3,404
GBEmini-dU-RNF2-All-PD_rep1,CT,7,20,0.1,1,2384
GBEmini-dU-RNF2-All-PD_rep1,GA,7,20,0.1,1,2335
GBEmini-dU-RNF2-All-PD_rep1,CT,7,20,0.1,2,159
GBEmini-dU-RNF2-All-PD_rep1,GA,7,20,0.1,2,171
GBEmini-dU-RNF2-All-PD_rep1,CT,7,20,0.1,3,11
GBEmini-dU-RNF2-All-PD_rep1,GA,7,20,0.1,3,19
GBEmini-dU-RNF2-All-PD_rep1,CT,7,5,0.01,1,6300
GBEmini-dU-RNF2-All-PD_rep1,GA,7,5,0.01,1,6043
GBEmini-dU-RNF2-All-PD_rep1,CT,7,5,0.01,2,807
GBEmini-dU-RNF2-All-PD_rep1,GA,7,5,0.01,2,725
GBEmini-dU-RNF2-All-PD_rep1,CT,7,5,0.01,3,436
GBEmini-dU-RNF2-All-PD_rep1,GA,7,5,0.01,3,408
GBEmini-dU-RNF2-All-PD_rep1,CT,7,5,0.1,1,5505
GBEmini-dU-RNF2-All-PD_rep1,GA,7,5,0.1,1,5454
GBEmini-dU-RNF2-All-PD_rep1,CT,7,5,0.1,2,227
GBEmini-dU-RNF2-All-PD_rep1,GA,7,5,0.1,2,221
GBEmini-dU-RNF2-All-PD_rep1,CT,7,5,0.1,3,16
GBEmini-dU-RNF2-All-PD_rep1,GA,7,5,0.1,3,23
GBEmini-dU-RNF2-All-PD_rep1,CT,7,6,0.01,1,6300
GBEmini-dU-RNF2-All-PD_rep1,GA,7,6,0.01,1,6043
GBEmini-dU-RNF2-All-PD_rep1,CT,7,6,0.01,2,807
GBEmini-dU-RNF2-All-PD_rep1,GA,7,6,0.01,2,725
GBEmini-dU-RNF2-All-PD_rep1,CT,7,6,0.01,3,436
GBEmini-dU-RNF2-All-PD_rep1,GA,7,6,0.01,3,408
GBEmini-dU-RNF2-All-PD_rep1,CT,7,6,0.1,1,5505
GBEmini-dU-RNF2-All-PD_rep1,GA,7,6,0.1,1,5454
GBEmini-dU-RNF2-All-PD_rep1,CT,7,6,0.1,2,227
GBEmini-dU-RNF2-All-PD_rep1,GA,7,6,0.1,2,221
GBEmini-dU-RNF2-All-PD_rep1,CT,7,6,0.1,3,16
GBEmini-dU-RNF2-All-PD_rep1,GA,7,6,0.1,3,23
GBEmini-dU-RNF2-All-PD_rep1,CT,7,8,0.01,1,5786
GBEmini-dU-RNF2-All-PD_rep1,GA,7,8,0.01,1,5535
GBEmini-dU-RNF2-All-PD_rep1,CT,7,8,0.01,2,805
GBEmini-dU-RNF2-All-PD_rep1,GA,7,8,0.01,2,725
GBEmini-dU-RNF2-All-PD_rep1,CT,7,8,0.01,3,436
GBEmini-dU-RNF2-All-PD_rep1,GA,7,8,0.01,3,408
GBEmini-dU-RNF2-All-PD_rep1,CT,7,8,0.1,1,4991
GBEmini-dU-RNF2-All-PD_rep1,GA,7,8,0.1,1,4946
GBEmini-dU-RNF2-All-PD_rep1,CT,7,8,0.1,2,225
GBEmini-dU-RNF2-All-PD_rep1,GA,7,8,0.1,2,221
GBEmini-dU-RNF2-All-PD_rep1,CT,7,8,0.1,3,16
GBEmini-dU-RNF2-All-PD_rep1,GA,7,8,0.1,3,23
GBEmini-dU-RNF2-All-PD_rep1,CT,8,10,0.01,1,4250
GBEmini-dU-RNF2-All-PD_rep1,GA,8,10,0.01,1,4042
GBEmini-dU-RNF2-All-PD_rep1,CT,8,10,0.01,2,678
GBEmini-dU-RNF2-All-PD_rep1,GA,8,10,0.01,2,602
GBEmini-dU-RNF2-All-PD_rep1,CT,8,10,0.01,3,380
GBEmini-dU-RNF2-All-PD_rep1,GA,8,10,0.01,3,341
GBEmini-dU-RNF2-All-PD_rep1,CT,8,10,0.1,1,3554
GBEmini-dU-RNF2-All-PD_rep1,GA,8,10,0.1,1,3551
GBEmini-dU-RNF2-All-PD_rep1,CT,8,10,0.1,2,167
GBEmini-dU-RNF2-All-PD_rep1,GA,8,10,0.1,2,180
GBEmini-dU-RNF2-All-PD_rep1,CT,8,10,0.1,3,11
GBEmini-dU-RNF2-All-PD_rep1,GA,8,10,0.1,3,18
GBEmini-dU-RNF2-All-PD_rep1,CT,8,15,0.01,1,3390
GBEmini-dU-RNF2-All-PD_rep1,GA,8,15,0.01,1,3193
GBEmini-dU-RNF2-All-PD_rep1,CT,8,15,0.01,2,660
GBEmini-dU-RNF2-All-PD_rep1,GA,8,15,0.01,2,583
GBEmini-dU-RNF2-All-PD_rep1,CT,8,15,0.01,3,379
GBEmini-dU-RNF2-All-PD_rep1,GA,8,15,0.01,3,339
GBEmini-dU-RNF2-All-PD_rep1,CT,8,15,0.1,1,2694
GBEmini-dU-RNF2-All-PD_rep1,GA,8,15,0.1,1,2702
GBEmini-dU-RNF2-All-PD_rep1,CT,8,15,0.1,2,149
GBEmini-dU-RNF2-All-PD_rep1,GA,8,15,0.1,2,161
GBEmini-dU-RNF2-All-PD_rep1,CT,8,15,0.1,3,10
GBEmini-dU-RNF2-All-PD_rep1,GA,8,15,0.1,3,16
GBEmini-dU-RNF2-All-PD_rep1,CT,8,20,0.01,1,2781
GBEmini-dU-RNF2-All-PD_rep1,GA,8,20,0.01,1,2538
GBEmini-dU-RNF2-All-PD_rep1,CT,8,20,0.01,2,639
GBEmini-dU-RNF2-All-PD_rep1,GA,8,20,0.01,2,565
GBEmini-dU-RNF2-All-PD_rep1,CT,8,20,0.01,3,379
GBEmini-dU-RNF2-All-PD_rep1,GA,8,20,0.01,3,337
GBEmini-dU-RNF2-All-PD_rep1,CT,8,20,0.1,1,2085
GBEmini-dU-RNF2-All-PD_rep1,GA,8,20,0.1,1,2047
GBEmini-dU-RNF2-All-PD_rep1,CT,8,20,0.1,2,128
GBEmini-dU-RNF2-All-PD_rep1,GA,8,20,0.1,2,143
GBEmini-dU-RNF2-All-PD_rep1,CT,8,20,0.1,3,10
GBEmini-dU-RNF2-All-PD_rep1,GA,8,20,0.1,3,14
GBEmini-dU-RNF2-All-PD_rep1,CT,8,5,0.01,1,4820
GBEmini-dU-RNF2-All-PD_rep1,GA,8,5,0.01,1,4636
GBEmini-dU-RNF2-All-PD_rep1,CT,8,5,0.01,2,683
GBEmini-dU-RNF2-All-PD_rep1,GA,8,5,0.01,2,604
GBEmini-dU-RNF2-All-PD_rep1,CT,8,5,0.01,3,380
GBEmini-dU-RNF2-All-PD_rep1,GA,8,5,0.01,3,341
GBEmini-dU-RNF2-All-PD_rep1,CT,8,5,0.1,1,4124
GBEmini-dU-RNF2-All-PD_rep1,GA,8,5,0.1,1,4145
GBEmini-dU-RNF2-All-PD_rep1,CT,8,5,0.1,2,172
GBEmini-dU-RNF2-All-PD_rep1,GA,8,5,0.1,2,182
GBEmini-dU-RNF2-All-PD_rep1,CT,8,5,0.1,3,11
GBEmini-dU-RNF2-All-PD_rep1,GA,8,5,0.1,3,18
GBEmini-dU-RNF2-All-PD_rep1,CT,8,6,0.01,1,4820
GBEmini-dU-RNF2-All-PD_rep1,GA,8,6,0.01,1,4636
GBEmini-dU-RNF2-All-PD_rep1,CT,8,6,0.01,2,683
GBEmini-dU-RNF2-All-PD_rep1,GA,8,6,0.01,2,604
GBEmini-dU-RNF2-All-PD_rep1,CT,8,6,0.01,3,380
GBEmini-dU-RNF2-All-PD_rep1,GA,8,6,0.01,3,341
GBEmini-dU-RNF2-All-PD_rep1,CT,8,6,0.1,1,4124
GBEmini-dU-RNF2-All-PD_rep1,GA,8,6,0.1,1,4145
GBEmini-dU-RNF2-All-PD_rep1,CT,8,6,0.1,2,172
GBEmini-dU-RNF2-All-PD_rep1,GA,8,6,0.1,2,182
GBEmini-dU-RNF2-All-PD_rep1,CT,8,6,0.1,3,11
GBEmini-dU-RNF2-All-PD_rep1,GA,8,6,0.1,3,18
GBEmini-dU-RNF2-All-PD_rep1,CT,8,8,0.01,1,4820
GBEmini-dU-RNF2-All-PD_rep1,GA,8,8,0.01,1,4636
GBEmini-dU-RNF2-All-PD_rep1,CT,8,8,0.01,2,683
GBEmini-dU-RNF2-All-PD_rep1,GA,8,8,0.01,2,604
GBEmini-dU-RNF2-All-PD_rep1,CT,8,8,0.01,3,380
GBEmini-dU-RNF2-All-PD_rep1,GA,8,8,0.01,3,341
GBEmini-dU-RNF2-All-PD_rep1,CT,8,8,0.1,1,4124
GBEmini-dU-RNF2-All-PD_rep1,GA,8,8,0.1,1,4145
GBEmini-dU-RNF2-All-PD_rep1,CT,8,8,0.1,2,172
GBEmini-dU-RNF2-All-PD_rep1,GA,8,8,0.1,2,182
GBEmini-dU-RNF2-All-PD_rep1,CT,8,8,0.1,3,11
GBEmini-dU-RNF2-All-PD_rep1,GA,8,8,0.1,3,18
